id,name,track_href,external_url,artist_id,artist_name,album_id,track_number,acousticness,analysis_url,danceability,duration_ms,energy,instrumentalness,liveness,loudness,mode,speechiness,tempo,time_signature,valence
5ww2BF9slyYgNOk37BlC4u,5ww2BF9slyYgNOk37BlC4u,https://api.spotify.com/v1/tracks/5ww2BF9slyYgNOk37BlC4u,https://open.spotify.com/track/5ww2BF9slyYgNOk37BlC4u,0tmwSHipWxN12fsoLcFU3B,Manuel Turizo,1TpGeAzOJgAGdPkcWl95r2,1,0.583,https://api.spotify.com/v1/audio-analysis/5ww2BF9slyYgNOk37BlC4u,0.835,162638,0.679,1.98e-06,0.218,-5.329,0,0.0364,124.98,4,0.85
53tfEupEzQRtVFOeZvk7xq,53tfEupEzQRtVFOeZvk7xq,https://api.spotify.com/v1/tracks/53tfEupEzQRtVFOeZvk7xq,https://open.spotify.com/track/53tfEupEzQRtVFOeZvk7xq,7ltDVBr6mKbRvohxheJ9h1,ROSALÍA,3zbiiu3JTibw0esC7eoMXr,17,0.146,https://api.spotify.com/v1/audio-analysis/53tfEupEzQRtVFOeZvk7xq,0.914,156788,0.622,1.68e-05,0.0632,-6.538,1,0.0892,130.04,4,0.77
609E1JCInJncactoMmkDon,609E1JCInJncactoMmkDon,https://api.spotify.com/v1/tracks/609E1JCInJncactoMmkDon,https://open.spotify.com/track/609E1JCInJncactoMmkDon,7ltDVBr6mKbRvohxheJ9h1,ROSALÍA,50uChhk7AKkzDKytDixjYW,1,0.736,https://api.spotify.com/v1/audio-analysis/609E1JCInJncactoMmkDon,0.768,194543,0.644,0.000837,0.173,-6.671,0,0.136,95.05,4,0.53
4h9wh7iOZ0GGn8QVp4RAOB,4h9wh7iOZ0GGn8QVp4RAOB,https://api.spotify.com/v1/tracks/4h9wh7iOZ0GGn8QVp4RAOB,https://open.spotify.com/track/4h9wh7iOZ0GGn8QVp4RAOB,5Pwc4xIPtQLFEnJriah9YJ,OneRepublic,04PEOM6kIEeq9lRp1asNP2,1,0.0826,https://api.spotify.com/v1/audio-analysis/4h9wh7iOZ0GGn8QVp4RAOB,0.704,148486,0.797,0.000745,0.0546,-5.927,1,0.0475,139.994,4,0.825
7aRCf5cLOFN1U7kvtChY1G,7aRCf5cLOFN1U7kvtChY1G,https://api.spotify.com/v1/tracks/7aRCf5cLOFN1U7kvtChY1G,https://open.spotify.com/track/7aRCf5cLOFN1U7kvtChY1G,3TVXtAsR1Inumwj472S9r4,Drake,67WUCOjyl44d8fAFzHONjW,1,0.0603,https://api.spotify.com/v1/audio-analysis/7aRCf5cLOFN1U7kvtChY1G,0.817,272113,0.44,1.42e-06,0.33,-8.482,0,0.0734,142.024,4,0.544
1Qrg8KqiBpW07V7PNxwwwL,1Qrg8KqiBpW07V7PNxwwwL,https://api.spotify.com/v1/tracks/1Qrg8KqiBpW07V7PNxwwwL,https://open.spotify.com/track/1Qrg8KqiBpW07V7PNxwwwL,7tYKF4w9nC0nq9CsPZTHyP,SZA,1nrVofqDRs7cpWXJ49qTnP,2,0.0521,https://api.spotify.com/v1/audio-analysis/1Qrg8KqiBpW07V7PNxwwwL,0.644,153947,0.735,0.144,0.161,-5.747,1,0.0391,88.98,4,0.418
1bDbXMyjaUIooNwFE9wn0N,1bDbXMyjaUIooNwFE9wn0N,https://api.spotify.com/v1/tracks/1bDbXMyjaUIooNwFE9wn0N,https://open.spotify.com/track/1bDbXMyjaUIooNwFE9wn0N,3TVXtAsR1Inumwj472S9r4,Drake,5MS3MvWHJ3lOZPLiMxzOU6,1,0.0503,https://api.spotify.com/v1/audio-analysis/1bDbXMyjaUIooNwFE9wn0N,0.561,239360,0.52,1.86e-06,0.355,-9.342,0,0.244,153.15,3,0.424
1IcR6RlgvDczfvoWJSSY2A,1IcR6RlgvDczfvoWJSSY2A,https://api.spotify.com/v1/tracks/1IcR6RlgvDczfvoWJSSY2A,https://open.spotify.com/track/1IcR6RlgvDczfvoWJSSY2A,4sj6D0zlMOl25nprDJBiU9,Andy Williams,30eO7X0doSEWKhDLAFLMuW,4,0.871,https://api.spotify.com/v1/audio-analysis/1IcR6RlgvDczfvoWJSSY2A,0.234,151000,0.526,2.34e-06,0.122,-11.656,1,0.0411,201.739,3,0.649
1xwAWUI6Dj0WGC3KiUPN0O,1xwAWUI6Dj0WGC3KiUPN0O,https://api.spotify.com/v1/tracks/1xwAWUI6Dj0WGC3KiUPN0O,https://open.spotify.com/track/1xwAWUI6Dj0WGC3KiUPN0O,06HL4z0CvFAxyc27GXpf02,Taylor Swift,151w1FgRZfnKZA9FEcg9Z3,8,0.173,https://api.spotify.com/v1/audio-analysis/1xwAWUI6Dj0WGC3KiUPN0O,0.798,164801,0.277,5.25e-05,0.121,-11.096,0,0.39,79.846,4,0.163
0mBP9X2gPCuapvpZ7TGDk3,0mBP9X2gPCuapvpZ7TGDk3,https://api.spotify.com/v1/tracks/0mBP9X2gPCuapvpZ7TGDk3,https://open.spotify.com/track/0mBP9X2gPCuapvpZ7TGDk3,6VuMaDnrHyPL1p4EHjYLi7,Charlie Puth,4LyiYe4wZ6XwzUne79hidF,1,0.619,https://api.spotify.com/v1/audio-analysis/0mBP9X2gPCuapvpZ7TGDk3,0.881,154487,0.592,1.32e-05,0.0901,-4.898,1,0.0324,101.058,4,0.719
4D7BCuvgdJlYvlX5WlN54t,4D7BCuvgdJlYvlX5WlN54t,https://api.spotify.com/v1/tracks/4D7BCuvgdJlYvlX5WlN54t,https://open.spotify.com/track/4D7BCuvgdJlYvlX5WlN54t,06HL4z0CvFAxyc27GXpf02,Taylor Swift,151w1FgRZfnKZA9FEcg9Z3,5,0.401,https://api.spotify.com/v1/audio-analysis/4D7BCuvgdJlYvlX5WlN54t,0.696,194207,0.396,5.2e-06,0.125,-10.289,1,0.0656,120.041,4,0.38
3rWDp9tBPQR9z6U5YyRSK4,3rWDp9tBPQR9z6U5YyRSK4,https://api.spotify.com/v1/tracks/3rWDp9tBPQR9z6U5YyRSK4,https://open.spotify.com/track/3rWDp9tBPQR9z6U5YyRSK4,06HL4z0CvFAxyc27GXpf02,Taylor Swift,151w1FgRZfnKZA9FEcg9Z3,6,0.69,https://api.spotify.com/v1/audio-analysis/3rWDp9tBPQR9z6U5YyRSK4,0.643,174783,0.363,5.17e-05,0.115,-11.738,1,0.0767,139.865,4,0.23
4nrPB8O7Y7wsOCJdgXkthe,4nrPB8O7Y7wsOCJdgXkthe,https://api.spotify.com/v1/tracks/4nrPB8O7Y7wsOCJdgXkthe,https://open.spotify.com/track/4nrPB8O7Y7wsOCJdgXkthe,716NhGYqD1jl2wI1Qkgq36,Bizarrap,1gi2iwr1l8IUyHYHxi01pg,1,0.274,https://api.spotify.com/v1/audio-analysis/4nrPB8O7Y7wsOCJdgXkthe,0.778,218289,0.632,0,0.0915,-5.6,0,0.0493,122.104,4,0.498
6xGruZOHLs39ZbVccQTuPZ,6xGruZOHLs39ZbVccQTuPZ,https://api.spotify.com/v1/tracks/6xGruZOHLs39ZbVccQTuPZ,https://open.spotify.com/track/6xGruZOHLs39ZbVccQTuPZ,3MZsBdqDrRTJihTHQrO6Dq,Joji,6ZZvx0aefZV3LKa053fn71,1,0.891,https://api.spotify.com/v1/audio-analysis/6xGruZOHLs39ZbVccQTuPZ,0.44,233456,0.317,4.78e-06,0.141,-9.258,1,0.0531,169.914,3,0.268
1Y3LN4zO1Edc2EluIoSPJN,1Y3LN4zO1Edc2EluIoSPJN,https://api.spotify.com/v1/tracks/1Y3LN4zO1Edc2EluIoSPJN,https://open.spotify.com/track/1Y3LN4zO1Edc2EluIoSPJN,5XKFrudbV4IiuE5WuTPRmT,Stephen Sanchez,7ARtQpvnPN2ucbmVHngLOs,1,0.777,https://api.spotify.com/v1/audio-analysis/1Y3LN4zO1Edc2EluIoSPJN,0.551,176440,0.55,0,0.202,-5.339,1,0.0286,101.19,3,0.342
6AQbmUe0Qwf5PZnt4HmTXv,6AQbmUe0Qwf5PZnt4HmTXv,https://api.spotify.com/v1/tracks/6AQbmUe0Qwf5PZnt4HmTXv,https://open.spotify.com/track/6AQbmUe0Qwf5PZnt4HmTXv,78rUTD7y6Cy67W1RVzYs7t,PinkPantheress,6cVfHBcp3AdpYY0bBglkLN,1,0.252,https://api.spotify.com/v1/audio-analysis/6AQbmUe0Qwf5PZnt4HmTXv,0.696,131013,0.809,0.000128,0.248,-8.254,1,0.05,132.962,4,0.857
2dHHgzDwk4BJdRwy9uXhTO,2dHHgzDwk4BJdRwy9uXhTO,https://api.spotify.com/v1/tracks/2dHHgzDwk4BJdRwy9uXhTO,https://open.spotify.com/track/2dHHgzDwk4BJdRwy9uXhTO,0iEtIxbK0KxaSlF7G42ZOp,Metro Boomin,7txGsnDSqVMoRl6RQ9XyZP,10,0.417,https://api.spotify.com/v1/audio-analysis/2dHHgzDwk4BJdRwy9uXhTO,0.715,221520,0.62,0,0.0822,-6.005,0,0.0484,97.95,4,0.172
1wtOxkiel43cVs0Yux5Q4h,1wtOxkiel43cVs0Yux5Q4h,https://api.spotify.com/v1/tracks/1wtOxkiel43cVs0Yux5Q4h,https://open.spotify.com/track/1wtOxkiel43cVs0Yux5Q4h,06HL4z0CvFAxyc27GXpf02,Taylor Swift,151w1FgRZfnKZA9FEcg9Z3,4,0.69,https://api.spotify.com/v1/audio-analysis/1wtOxkiel43cVs0Yux5Q4h,0.663,256124,0.319,0.000993,0.117,-13.481,1,0.0375,109.957,4,0.193
3eX0NZfLtGzoLUxPNvRfqm,3eX0NZfLtGzoLUxPNvRfqm,https://api.spotify.com/v1/tracks/3eX0NZfLtGzoLUxPNvRfqm,https://open.spotify.com/track/3eX0NZfLtGzoLUxPNvRfqm,06HL4z0CvFAxyc27GXpf02,Taylor Swift,151w1FgRZfnKZA9FEcg9Z3,2,0.0573,https://api.spotify.com/v1/audio-analysis/3eX0NZfLtGzoLUxPNvRfqm,0.637,218271,0.398,1.03e-06,0.101,-8.294,1,0.0564,108.075,4,0.0374
2FRnf9qhLbvw8fu4IBXx78,2FRnf9qhLbvw8fu4IBXx78,https://api.spotify.com/v1/tracks/2FRnf9qhLbvw8fu4IBXx78,https://open.spotify.com/track/2FRnf9qhLbvw8fu4IBXx78,5lpH0xAS4fVfLkACg9DAuM,Wham!,6egzU9NKfora01qaNbvwfZ,1,0.189,https://api.spotify.com/v1/audio-analysis/2FRnf9qhLbvw8fu4IBXx78,0.735,262960,0.478,2.48e-06,0.355,-12.472,1,0.0293,107.682,4,0.947
3qQbCzHBycnDpGskqOWY0E,3qQbCzHBycnDpGskqOWY0E,https://api.spotify.com/v1/tracks/3qQbCzHBycnDpGskqOWY0E,https://open.spotify.com/track/3qQbCzHBycnDpGskqOWY0E,0XeEobZplHxzM9QzFQWLiR,Eslabon Armado,5aDEezKnOqyQo0qvTFhpkM,6,0.483,https://api.spotify.com/v1/audio-analysis/3qQbCzHBycnDpGskqOWY0E,0.668,165671,0.758,1.89e-05,0.0837,-5.176,0,0.0332,147.989,3,0.834
34tz0eDhGuFErIuW3q4mPX,34tz0eDhGuFErIuW3q4mPX,https://api.spotify.com/v1/tracks/34tz0eDhGuFErIuW3q4mPX,https://open.spotify.com/track/34tz0eDhGuFErIuW3q4mPX,3TVXtAsR1Inumwj472S9r4,Drake,5MS3MvWHJ3lOZPLiMxzOU6,3,0.0201,https://api.spotify.com/v1/audio-analysis/34tz0eDhGuFErIuW3q4mPX,0.841,261544,0.358,0,0.39,-8.368,1,0.591,158.014,4,0.329
6pD0ufEQq0xdHSsRbg9LBK,6pD0ufEQq0xdHSsRbg9LBK,https://api.spotify.com/v1/tracks/6pD0ufEQq0xdHSsRbg9LBK,https://open.spotify.com/track/6pD0ufEQq0xdHSsRbg9LBK,6XkjpgcEsYab502Vr1bBeW,Grupo Frontera,7aGzSSUD8S6IhPCsZSiuMT,1,0.228,https://api.spotify.com/v1/audio-analysis/6pD0ufEQq0xdHSsRbg9LBK,0.569,194563,0.724,0,0.27,-4.076,0,0.0474,83.118,4,0.562
7gRFDGEzF9UkBV233yv2dc,7gRFDGEzF9UkBV233yv2dc,https://api.spotify.com/v1/tracks/7gRFDGEzF9UkBV233yv2dc,https://open.spotify.com/track/7gRFDGEzF9UkBV233yv2dc,41MozSoPIsD1dJM0CLPjZF,BLACKPINK,0kbZ4ZNRs76sSFeGUEErFM,2,0.00327,https://api.spotify.com/v1/audio-analysis/7gRFDGEzF9UkBV233yv2dc,0.818,175889,0.69,0,0.186,-5.119,1,0.0454,110.071,3,0.688
3dnP0JxCgygwQH9Gm7q7nb,3dnP0JxCgygwQH9Gm7q7nb,https://api.spotify.com/v1/tracks/3dnP0JxCgygwQH9Gm7q7nb,https://open.spotify.com/track/3dnP0JxCgygwQH9Gm7q7nb,0XeEobZplHxzM9QzFQWLiR,Eslabon Armado,3Mm1P5CEEAiuJqBclr2EyU,1,0.483,https://api.spotify.com/v1/audio-analysis/3dnP0JxCgygwQH9Gm7q7nb,0.668,165671,0.758,1.89e-05,0.0837,-5.176,0,0.0332,147.989,3,0.834
2EjXfH91m7f8HiJN1yQg97,2EjXfH91m7f8HiJN1yQg97,https://api.spotify.com/v1/tracks/2EjXfH91m7f8HiJN1yQg97,https://open.spotify.com/track/2EjXfH91m7f8HiJN1yQg97,4cPHsZM98sKzmV26wlwD2W,Brenda Lee,34wa3zf2prXFMk47t9zHFG,1,0.614,https://api.spotify.com/v1/audio-analysis/2EjXfH91m7f8HiJN1yQg97,0.589,126267,0.472,0,0.505,-8.749,1,0.0502,67.196,4,0.898
0DWdj2oZMBFSzRsi2Cvfzf,0DWdj2oZMBFSzRsi2Cvfzf,https://api.spotify.com/v1/tracks/0DWdj2oZMBFSzRsi2Cvfzf,https://open.spotify.com/track/0DWdj2oZMBFSzRsi2Cvfzf,790FomKkXshlbRYZFtlgla,KAROL G,4kS7bSuU0Jm9LYMosFU2x5,6,0.673,https://api.spotify.com/v1/audio-analysis/0DWdj2oZMBFSzRsi2Cvfzf,0.72,199440,0.63,0,0.0936,-3.547,0,0.277,179.974,4,0.607
3k3NWokhRRkEPhCzPmV8TW,3k3NWokhRRkEPhCzPmV8TW,https://api.spotify.com/v1/tracks/3k3NWokhRRkEPhCzPmV8TW,https://open.spotify.com/track/3k3NWokhRRkEPhCzPmV8TW,4q3ewBCX7sLwd24euuV69X,Bad Bunny,3RQQmkQEvNCY4prGKE6oc5,14,0.08,https://api.spotify.com/v1/audio-analysis/3k3NWokhRRkEPhCzPmV8TW,0.647,258299,0.686,1.34e-06,0.528,-5.745,0,0.0413,79.928,4,0.268
4tYFy8ALRjIZvnvSLw5lxN,4tYFy8ALRjIZvnvSLw5lxN,https://api.spotify.com/v1/tracks/4tYFy8ALRjIZvnvSLw5lxN,https://open.spotify.com/track/4tYFy8ALRjIZvnvSLw5lxN,4q3ewBCX7sLwd24euuV69X,Bad Bunny,3RQQmkQEvNCY4prGKE6oc5,11,0.0151,https://api.spotify.com/v1/audio-analysis/4tYFy8ALRjIZvnvSLw5lxN,0.829,227629,0.799,0.000543,0.242,-5.389,1,0.0897,97.013,4,0.471
5jQI2r1RdgtuT8S3iG8zFC,5jQI2r1RdgtuT8S3iG8zFC,https://api.spotify.com/v1/tracks/5jQI2r1RdgtuT8S3iG8zFC,https://open.spotify.com/track/5jQI2r1RdgtuT8S3iG8zFC,06HL4z0CvFAxyc27GXpf02,Taylor Swift,151w1FgRZfnKZA9FEcg9Z3,1,0.258,https://api.spotify.com/v1/audio-analysis/5jQI2r1RdgtuT8S3iG8zFC,0.733,202396,0.436,0.000573,0.157,-10.489,1,0.08,96.985,4,0.0976
1PckUlxKqWQs3RlWXVBLw3,1PckUlxKqWQs3RlWXVBLw3,https://api.spotify.com/v1/tracks/1PckUlxKqWQs3RlWXVBLw3,https://open.spotify.com/track/1PckUlxKqWQs3RlWXVBLw3,56oDRnqbIiwx4mymNEv7dS,Lizzo,4JApkbiesQxv5drdEZRlZC,1,0.0995,https://api.spotify.com/v1/audio-analysis/1PckUlxKqWQs3RlWXVBLw3,0.836,191822,0.743,0,0.335,-6.305,0,0.0656,108.966,4,0.722
7oDd86yk8itslrA9HRP2ki,7oDd86yk8itslrA9HRP2ki,https://api.spotify.com/v1/tracks/7oDd86yk8itslrA9HRP2ki,https://open.spotify.com/track/7oDd86yk8itslrA9HRP2ki,1Xyo4u8uXC1ZmMpatF05PJ,The Weeknd,6Exo0MYoL3XammoTDeihFy,1,0.232,https://api.spotify.com/v1/audio-analysis/7oDd86yk8itslrA9HRP2ki,0.531,232857,0.525,0,0.441,-6.5,0,0.0671,66.9,4,0.502
4uUG5RXrOk84mYEfFvj3cK,4uUG5RXrOk84mYEfFvj3cK,https://api.spotify.com/v1/tracks/4uUG5RXrOk84mYEfFvj3cK,https://open.spotify.com/track/4uUG5RXrOk84mYEfFvj3cK,1Cs0zKBU1kc0i8ypK3B9ai,David Guetta,7M842DMhYVALrXsw3ty7B3,1,0.00383,https://api.spotify.com/v1/audio-analysis/4uUG5RXrOk84mYEfFvj3cK,0.561,175238,0.965,7.07e-06,0.371,-3.673,0,0.0343,128.04,4,0.304
1vvcEHQdaUTvWt0EIUYcFK,1vvcEHQdaUTvWt0EIUYcFK,https://api.spotify.com/v1/tracks/1vvcEHQdaUTvWt0EIUYcFK,https://open.spotify.com/track/1vvcEHQdaUTvWt0EIUYcFK,46SHBwWsqBkxI7EeeBEQG7,Kodak Black,3hPyxRi49jls3gU6Si8JdF,2,0.129,https://api.spotify.com/v1/audio-analysis/1vvcEHQdaUTvWt0EIUYcFK,0.715,175802,0.681,0,0.152,-4.25,0,0.113,84.924,4,0.277
5zwwW9Oq7ubSxoCGyW1nbY,5zwwW9Oq7ubSxoCGyW1nbY,https://api.spotify.com/v1/tracks/5zwwW9Oq7ubSxoCGyW1nbY,https://open.spotify.com/track/5zwwW9Oq7ubSxoCGyW1nbY,41MozSoPIsD1dJM0CLPjZF,BLACKPINK,0kbZ4ZNRs76sSFeGUEErFM,1,0.0145,https://api.spotify.com/v1/audio-analysis/5zwwW9Oq7ubSxoCGyW1nbY,0.693,186964,0.734,0,0.217,-6.189,1,0.202,180.06,4,0.708
7KokYm8cMIXCsGVmUvKtqf,7KokYm8cMIXCsGVmUvKtqf,https://api.spotify.com/v1/tracks/7KokYm8cMIXCsGVmUvKtqf,https://open.spotify.com/track/7KokYm8cMIXCsGVmUvKtqf,06HL4z0CvFAxyc27GXpf02,Taylor Swift,151w1FgRZfnKZA9FEcg9Z3,11,0.0734,https://api.spotify.com/v1/audio-analysis/7KokYm8cMIXCsGVmUvKtqf,0.642,204852,0.62,0,0.483,-7.091,1,0.0666,90.02,4,0.0969
6Xom58OOXk2SoU711L2IXO,6Xom58OOXk2SoU711L2IXO,https://api.spotify.com/v1/tracks/6Xom58OOXk2SoU711L2IXO,https://open.spotify.com/track/6Xom58OOXk2SoU711L2IXO,4q3ewBCX7sLwd24euuV69X,Bad Bunny,3RQQmkQEvNCY4prGKE6oc5,1,0.294,https://api.spotify.com/v1/audio-analysis/6Xom58OOXk2SoU711L2IXO,0.804,245940,0.674,1.18e-06,0.115,-5.453,0,0.0333,99.968,4,0.292
0skYUMpS0AcbpjcGsAbRGj,0skYUMpS0AcbpjcGsAbRGj,https://api.spotify.com/v1/tracks/0skYUMpS0AcbpjcGsAbRGj,https://open.spotify.com/track/0skYUMpS0AcbpjcGsAbRGj,41MozSoPIsD1dJM0CLPjZF,BLACKPINK,3dZBZnDa3z20uEVnxR38M1,1,0.0202,https://api.spotify.com/v1/audio-analysis/0skYUMpS0AcbpjcGsAbRGj,0.798,186964,0.697,0,0.259,-7.139,1,0.0891,90.031,4,0.745
5zyZM1EiSqrniyqtprwxpv,5zyZM1EiSqrniyqtprwxpv,https://api.spotify.com/v1/tracks/5zyZM1EiSqrniyqtprwxpv,https://open.spotify.com/track/5zyZM1EiSqrniyqtprwxpv,3TVXtAsR1Inumwj472S9r4,Drake,2hicq6IKmDsPxZV7fJablX,2,0.238,https://api.spotify.com/v1/audio-analysis/5zyZM1EiSqrniyqtprwxpv,0.718,266179,0.758,0.00653,0.11,-8.29,1,0.0703,118.989,4,0.349
1IHWl5LamUGEuP4ozKQSXZ,1IHWl5LamUGEuP4ozKQSXZ,https://api.spotify.com/v1/tracks/1IHWl5LamUGEuP4ozKQSXZ,https://open.spotify.com/track/1IHWl5LamUGEuP4ozKQSXZ,4q3ewBCX7sLwd24euuV69X,Bad Bunny,3RQQmkQEvNCY4prGKE6oc5,4,0.0993,https://api.spotify.com/v1/audio-analysis/1IHWl5LamUGEuP4ozKQSXZ,0.65,243717,0.715,0.000291,0.126,-5.198,0,0.253,106.672,4,0.187
2mpoNBkngUEwnaKoBhZ0vl,2mpoNBkngUEwnaKoBhZ0vl,https://api.spotify.com/v1/tracks/2mpoNBkngUEwnaKoBhZ0vl,https://open.spotify.com/track/2mpoNBkngUEwnaKoBhZ0vl,12GqGscKJx3aE4t07u7eVZ,Peso Pluma,2OXBosbXT7Qs3J6vBd6IkI,1,0.0965,https://api.spotify.com/v1/audio-analysis/2mpoNBkngUEwnaKoBhZ0vl,0.784,184066,0.826,7.09e-05,0.123,-6.34,0,0.0538,138.078,3,0.893
3qCeq0rWK67SoBDgFd2sId,3qCeq0rWK67SoBDgFd2sId,https://api.spotify.com/v1/tracks/3qCeq0rWK67SoBDgFd2sId,https://open.spotify.com/track/3qCeq0rWK67SoBDgFd2sId,7K78lVZ8XzkjfRSI7570FF,José Feliciano,6leYmQzvQjlUtmpNIL9XYQ,14,0.406,https://api.spotify.com/v1/audio-analysis/3qCeq0rWK67SoBDgFd2sId,0.514,182307,0.818,1.93e-06,0.299,-9.642,1,0.0451,148.733,4,0.967
4Dvkj6JhhA12EX05fT7y2e,4Dvkj6JhhA12EX05fT7y2e,https://api.spotify.com/v1/tracks/4Dvkj6JhhA12EX05fT7y2e,https://open.spotify.com/track/4Dvkj6JhhA12EX05fT7y2e,6KImCVD70vtIoJWnq6nGn3,Harry Styles,5r36AJ6VOJtp00oxSkBZ5h,4,0.342,https://api.spotify.com/v1/audio-analysis/4Dvkj6JhhA12EX05fT7y2e,0.52,167303,0.731,0.00101,0.311,-5.338,0,0.0557,173.93,4,0.662
2UW7JaomAMuX9pZrjVpHAU,2UW7JaomAMuX9pZrjVpHAU,https://api.spotify.com/v1/tracks/2UW7JaomAMuX9pZrjVpHAU,https://open.spotify.com/track/2UW7JaomAMuX9pZrjVpHAU,1NNRWkhwmcXRimFYSBpB1y,Yng Lvcas,6aBVGuOUEuX18rHxyDWbti,1,0.213,https://api.spotify.com/v1/audio-analysis/2UW7JaomAMuX9pZrjVpHAU,0.812,234353,0.479,1.21e-06,0.0756,-5.678,0,0.333,169.922,4,0.559
0bYg9bo50gSsH3LtXe2SQn,0bYg9bo50gSsH3LtXe2SQn,https://api.spotify.com/v1/tracks/0bYg9bo50gSsH3LtXe2SQn,https://open.spotify.com/track/0bYg9bo50gSsH3LtXe2SQn,4iHNK0tOyZPYnBU7nGAgpQ,Mariah Carey,61ulfFSmmxMhc2wCdmdMkN,2,0.164,https://api.spotify.com/v1/audio-analysis/0bYg9bo50gSsH3LtXe2SQn,0.336,241107,0.627,0,0.0708,-7.463,1,0.0384,150.273,4,0.35
75FEaRjZTKLhTrFGsfMUXR,75FEaRjZTKLhTrFGsfMUXR,https://api.spotify.com/v1/tracks/75FEaRjZTKLhTrFGsfMUXR,https://open.spotify.com/track/75FEaRjZTKLhTrFGsfMUXR,1aSxMhuvixZ8h9dK9jIDwL,Kate Bush,5BWl0bB1q0TqyFmkBEupZy,1,0.72,https://api.spotify.com/v1/audio-analysis/75FEaRjZTKLhTrFGsfMUXR,0.629,298933,0.547,0.00314,0.0604,-13.123,0,0.055,108.375,4,0.197
0NZPBYD5qbEWRs3PrGiRkT,0NZPBYD5qbEWRs3PrGiRkT,https://api.spotify.com/v1/tracks/0NZPBYD5qbEWRs3PrGiRkT,https://open.spotify.com/track/0NZPBYD5qbEWRs3PrGiRkT,2wY79sveU1sp5g7SokKOiI,Sam Smith,3Uq1jNGnD412ZvCb6j2DKV,6,0.011,https://api.spotify.com/v1/audio-analysis/0NZPBYD5qbEWRs3PrGiRkT,0.712,156943,0.463,2.96e-06,0.301,-7.399,1,0.0797,131.199,4,0.206
02MWAaffLxlfxAUY7c5dvx,02MWAaffLxlfxAUY7c5dvx,https://api.spotify.com/v1/tracks/02MWAaffLxlfxAUY7c5dvx,https://open.spotify.com/track/02MWAaffLxlfxAUY7c5dvx,4yvcSjfu4PC0CYQyLy4wSq,Glass Animals,0KTj6k94XZh0c6IEMfxeWV,14,0.44,https://api.spotify.com/v1/audio-analysis/02MWAaffLxlfxAUY7c5dvx,0.761,238805,0.525,6.7e-06,0.0921,-6.9,1,0.0944,80.87,4,0.531
0lizgQ7Qw35od7CYaoMBZb,0lizgQ7Qw35od7CYaoMBZb,https://api.spotify.com/v1/tracks/0lizgQ7Qw35od7CYaoMBZb,https://open.spotify.com/track/0lizgQ7Qw35od7CYaoMBZb,66CXWjxzNUsdJxJ2JdwvnR,Ariana Grande,27MNgBEnLCKoafz1g2Zu97,1,0.0489,https://api.spotify.com/v1/audio-analysis/0lizgQ7Qw35od7CYaoMBZb,0.525,204093,0.621,0,0.294,-7.364,1,0.116,191.9,4,0.591
1odExI7RdWc4BT515LTAwj,1odExI7RdWc4BT515LTAwj,https://api.spotify.com/v1/tracks/1odExI7RdWc4BT515LTAwj,https://open.spotify.com/track/1odExI7RdWc4BT515LTAwj,33NVpKoXjItPwUJTMZIOiY,David Kushner,6NcI39WPu4kY6Tul11nhSv,1,0.83,https://api.spotify.com/v1/audio-analysis/1odExI7RdWc4BT515LTAwj,0.508,212954,0.43,0.000441,0.093,-9.475,0,0.0335,130.09,4,0.324
4W4fNrZYkobj539TOWsLO2,4W4fNrZYkobj539TOWsLO2,https://api.spotify.com/v1/tracks/4W4fNrZYkobj539TOWsLO2,https://open.spotify.com/track/4W4fNrZYkobj539TOWsLO2,1Xyo4u8uXC1ZmMpatF05PJ,The Weeknd,35dut3ICqF3NEDkjxfzJJ1,19,0.227,https://api.spotify.com/v1/audio-analysis/4W4fNrZYkobj539TOWsLO2,0.575,232857,0.5,0,0.335,-7.594,0,0.0707,67.033,4,0.506
0yLdNVWF3Srea0uzk55zFn,0yLdNVWF3Srea0uzk55zFn,https://api.spotify.com/v1/tracks/0yLdNVWF3Srea0uzk55zFn,https://open.spotify.com/track/0yLdNVWF3Srea0uzk55zFn,5YGY8feqx7naU7z4HrwZM6,Miley Cyrus,7I0tjwFtxUwBC1vgyeMAax,1,0.0632,https://api.spotify.com/v1/audio-analysis/0yLdNVWF3Srea0uzk55zFn,0.707,200455,0.681,5.15e-06,0.0322,-4.325,1,0.0668,117.999,4,0.646
2tTmW7RDtMQtBk7m2rYeSw,2tTmW7RDtMQtBk7m2rYeSw,https://api.spotify.com/v1/tracks/2tTmW7RDtMQtBk7m2rYeSw,https://open.spotify.com/track/2tTmW7RDtMQtBk7m2rYeSw,716NhGYqD1jl2wI1Qkgq36,Bizarrap,4PNqWiJAfjj32hVvlchV5u,1,0.0125,https://api.spotify.com/v1/audio-analysis/2tTmW7RDtMQtBk7m2rYeSw,0.621,198938,0.782,0.033,0.23,-5.548,1,0.044,128.033,4,0.55
4k6Uh1HXdhtusDW5y8Gbvy,4k6Uh1HXdhtusDW5y8Gbvy,https://api.spotify.com/v1/tracks/4k6Uh1HXdhtusDW5y8Gbvy,https://open.spotify.com/track/4k6Uh1HXdhtusDW5y8Gbvy,57vWImR43h4CaDao012Ofp,Steve Lacy,3Ks0eeH0GWpY4AU20D5HPD,5,0.613,https://api.spotify.com/v1/audio-analysis/4k6Uh1HXdhtusDW5y8Gbvy,0.686,232067,0.494,5.8e-05,0.402,-7.093,1,0.0355,168.946,4,0.7
0V3wPSX9ygBnCm8psDIegu,0V3wPSX9ygBnCm8psDIegu,https://api.spotify.com/v1/tracks/0V3wPSX9ygBnCm8psDIegu,https://open.spotify.com/track/0V3wPSX9ygBnCm8psDIegu,06HL4z0CvFAxyc27GXpf02,Taylor Swift,151w1FgRZfnKZA9FEcg9Z3,3,0.13,https://api.spotify.com/v1/audio-analysis/0V3wPSX9ygBnCm8psDIegu,0.637,200690,0.643,1.8e-06,0.142,-6.571,1,0.0519,97.008,4,0.533
1qEmFfgcLObUfQm0j1W2CK,1qEmFfgcLObUfQm0j1W2CK,https://api.spotify.com/v1/tracks/1qEmFfgcLObUfQm0j1W2CK,https://open.spotify.com/track/1qEmFfgcLObUfQm0j1W2CK,6KImCVD70vtIoJWnq6nGn3,Harry Styles,5r36AJ6VOJtp00oxSkBZ5h,2,0.298,https://api.spotify.com/v1/audio-analysis/1qEmFfgcLObUfQm0j1W2CK,0.714,177955,0.728,0,0.106,-4.595,1,0.0468,114.996,4,0.901
7vQbuQcyTflfCIOu3Uzzya,7vQbuQcyTflfCIOu3Uzzya,https://api.spotify.com/v1/tracks/7vQbuQcyTflfCIOu3Uzzya,https://open.spotify.com/track/7vQbuQcyTflfCIOu3Uzzya,38EmEgXkgK51MT2tPY0EoC,Bobby Helms,3wivyOdotHWZ9dcuXMjPKT,1,0.643,https://api.spotify.com/v1/audio-analysis/7vQbuQcyTflfCIOu3Uzzya,0.754,130973,0.424,0,0.0652,-8.463,1,0.0363,119.705,4,0.806
3nqQXoyQOWXiESFLlDF1hG,3nqQXoyQOWXiESFLlDF1hG,https://api.spotify.com/v1/tracks/3nqQXoyQOWXiESFLlDF1hG,https://open.spotify.com/track/3nqQXoyQOWXiESFLlDF1hG,2wY79sveU1sp5g7SokKOiI,Sam Smith,0gX9tkL5njRax8ymWcXARi,1,0.013,https://api.spotify.com/v1/audio-analysis/3nqQXoyQOWXiESFLlDF1hG,0.714,156943,0.472,4.51e-06,0.266,-7.375,1,0.0864,131.121,4,0.238
7dSZ6zGTQx66c2GF91xCrb,7dSZ6zGTQx66c2GF91xCrb,https://api.spotify.com/v1/tracks/7dSZ6zGTQx66c2GF91xCrb,https://open.spotify.com/track/7dSZ6zGTQx66c2GF91xCrb,790FomKkXshlbRYZFtlgla,KAROL G,1wLB2bnCl2m5m9M9g8r93Y,1,0.656,https://api.spotify.com/v1/audio-analysis/7dSZ6zGTQx66c2GF91xCrb,0.87,210200,0.516,0.00823,0.11,-8.006,1,0.0541,111.005,4,0.53
5mHdCZtVyb4DcJw8799hZp,5mHdCZtVyb4DcJw8799hZp,https://api.spotify.com/v1/tracks/5mHdCZtVyb4DcJw8799hZp,https://open.spotify.com/track/5mHdCZtVyb4DcJw8799hZp,5KKpBU5eC2tJDzf0wmlRp2,RAYE,3U8n8LzBx2o9gYXvvNq4uH,5,0.138,https://api.spotify.com/v1/audio-analysis/5mHdCZtVyb4DcJw8799hZp,0.538,272373,0.742,4.67e-05,0.0934,-5.355,1,0.114,96.107,4,0.25
2uFaJJtFpPDc5Pa95XzTvg,2uFaJJtFpPDc5Pa95XzTvg,https://api.spotify.com/v1/tracks/2uFaJJtFpPDc5Pa95XzTvg,https://open.spotify.com/track/2uFaJJtFpPDc5Pa95XzTvg,49e4v89VmlDcFCMyDv9wQ9,Dean Martin,5I48ENiZiaZZSOpec6PdS5,2,0.912,https://api.spotify.com/v1/audio-analysis/2uFaJJtFpPDc5Pa95XzTvg,0.451,117147,0.24,2.45e-06,0.175,-14.014,1,0.0351,134.009,4,0.701
2KLwPaRDOB87XOYAT2fgxh,2KLwPaRDOB87XOYAT2fgxh,https://api.spotify.com/v1/tracks/2KLwPaRDOB87XOYAT2fgxh,https://open.spotify.com/track/2KLwPaRDOB87XOYAT2fgxh,3TVXtAsR1Inumwj472S9r4,Drake,5MS3MvWHJ3lOZPLiMxzOU6,10,0.0623,https://api.spotify.com/v1/audio-analysis/2KLwPaRDOB87XOYAT2fgxh,0.749,242027,0.63,0,0.353,-6.652,0,0.116,122.03,4,0.445
7ro0hRteUMfnOioTFI5TG1,7ro0hRteUMfnOioTFI5TG1,https://api.spotify.com/v1/tracks/7ro0hRteUMfnOioTFI5TG1,https://open.spotify.com/track/7ro0hRteUMfnOioTFI5TG1,4q3ewBCX7sLwd24euuV69X,Bad Bunny,5gCcb5fsSb6w5K8SyJrgtB,1,0.143,https://api.spotify.com/v1/audio-analysis/7ro0hRteUMfnOioTFI5TG1,0.652,231704,0.8,0.629,0.112,-4.019,0,0.0614,143.978,4,0.234
69CrOS7vEHIrhC2ILyEi0s,69CrOS7vEHIrhC2ILyEi0s,https://api.spotify.com/v1/tracks/69CrOS7vEHIrhC2ILyEi0s,https://open.spotify.com/track/69CrOS7vEHIrhC2ILyEi0s,6UZ0ba50XreR4TM8u322gs,JISOO,4QuczuzDZNzCDli5Gz6DQ0,1,0.0236,https://api.spotify.com/v1/audio-analysis/69CrOS7vEHIrhC2ILyEi0s,0.841,173134,0.384,2.28e-06,0.0735,-7.684,0,0.0351,123.961,4,0.597
5Eax0qFko2dh7Rl2lYs3bx,5Eax0qFko2dh7Rl2lYs3bx,https://api.spotify.com/v1/tracks/5Eax0qFko2dh7Rl2lYs3bx,https://open.spotify.com/track/5Eax0qFko2dh7Rl2lYs3bx,4q3ewBCX7sLwd24euuV69X,Bad Bunny,3RQQmkQEvNCY4prGKE6oc5,10,0.141,https://api.spotify.com/v1/audio-analysis/5Eax0qFko2dh7Rl2lYs3bx,0.801,213061,0.475,1.73e-05,0.0639,-8.797,0,0.0516,98.047,4,0.234
4FAKtPVycI4DxoOHC01YqD,4FAKtPVycI4DxoOHC01YqD,https://api.spotify.com/v1/tracks/4FAKtPVycI4DxoOHC01YqD,https://open.spotify.com/track/4FAKtPVycI4DxoOHC01YqD,0eHQ9o50hj6ZDNBt6Ys1sD,Yandel,5xefnzEqKIWnmTWYFzekGZ,4,0.0492,https://api.spotify.com/v1/audio-analysis/4FAKtPVycI4DxoOHC01YqD,0.783,216148,0.729,0.000272,0.1,-3.549,0,0.0691,167.968,4,0.58
6Sq7ltF9Qa7SNFBsV5Cogx,6Sq7ltF9Qa7SNFBsV5Cogx,https://api.spotify.com/v1/tracks/6Sq7ltF9Qa7SNFBsV5Cogx,https://open.spotify.com/track/6Sq7ltF9Qa7SNFBsV5Cogx,4q3ewBCX7sLwd24euuV69X,Bad Bunny,3RQQmkQEvNCY4prGKE6oc5,3,0.0901,https://api.spotify.com/v1/audio-analysis/6Sq7ltF9Qa7SNFBsV5Cogx,0.911,178567,0.712,2.68e-05,0.0933,-5.105,0,0.0817,92.005,4,0.425
3F5CgOj3wFlRv51JsHbxhe,3F5CgOj3wFlRv51JsHbxhe,https://api.spotify.com/v1/tracks/3F5CgOj3wFlRv51JsHbxhe,https://open.spotify.com/track/3F5CgOj3wFlRv51JsHbxhe,3TVXtAsR1Inumwj472S9r4,Drake,3cf4iSSKd8ffTncbtKljXw,14,0.000307,https://api.spotify.com/v1/audio-analysis/3F5CgOj3wFlRv51JsHbxhe,0.529,218365,0.673,2.41e-06,0.093,-4.711,1,0.175,165.921,4,0.366
46s57QULU02Voy0Kup6UEb,46s57QULU02Voy0Kup6UEb,https://api.spotify.com/v1/tracks/46s57QULU02Voy0Kup6UEb,https://open.spotify.com/track/46s57QULU02Voy0Kup6UEb,3TVXtAsR1Inumwj472S9r4,Drake,5MS3MvWHJ3lOZPLiMxzOU6,2,0.0127,https://api.spotify.com/v1/audio-analysis/46s57QULU02Voy0Kup6UEb,0.908,170502,0.546,0,0.0707,-10.491,0,0.323,131.016,4,0.225
0heeNYlwOGuUSe7TgUD27B,0heeNYlwOGuUSe7TgUD27B,https://api.spotify.com/v1/tracks/0heeNYlwOGuUSe7TgUD27B,https://open.spotify.com/track/0heeNYlwOGuUSe7TgUD27B,06HL4z0CvFAxyc27GXpf02,Taylor Swift,151w1FgRZfnKZA9FEcg9Z3,7,0.2,https://api.spotify.com/v1/audio-analysis/0heeNYlwOGuUSe7TgUD27B,0.751,210557,0.502,0,0.296,-8.763,1,0.167,108.943,4,0.106
0WtM2NBVQNNJLh6scP13H8,0WtM2NBVQNNJLh6scP13H8,https://api.spotify.com/v1/tracks/0WtM2NBVQNNJLh6scP13H8,https://open.spotify.com/track/0WtM2NBVQNNJLh6scP13H8,46pWGuE3dSwY3bMMXGBvVS,Rema,2b2GHWESCWEuHiCZ2Skedp,1,0.382,https://api.spotify.com/v1/audio-analysis/0WtM2NBVQNNJLh6scP13H8,0.801,239318,0.806,0.000669,0.114,-5.206,1,0.0381,106.999,4,0.802
1rv46mRwDqMEhOBZ7vODg3,1rv46mRwDqMEhOBZ7vODg3,https://api.spotify.com/v1/tracks/1rv46mRwDqMEhOBZ7vODg3,https://open.spotify.com/track/1rv46mRwDqMEhOBZ7vODg3,1GxkXlMwML1oSg5eLPiAz3,Michael Bublé,53fJVD9LpBKEMqdAF7PW5K,1,0.88,https://api.spotify.com/v1/audio-analysis/1rv46mRwDqMEhOBZ7vODg3,0.331,207200,0.223,5.92e-06,0.343,-11.274,1,0.0338,92.896,3,0.355
6XSqqQIy7Lm7SnwxS4NrGx,6XSqqQIy7Lm7SnwxS4NrGx,https://api.spotify.com/v1/tracks/6XSqqQIy7Lm7SnwxS4NrGx,https://open.spotify.com/track/6XSqqQIy7Lm7SnwxS4NrGx,2LRoIwlKmHjgvigdNGBHNo,Feid,4jtQUtS4ABgER3DnGfKJCv,1,0.145,https://api.spotify.com/v1/audio-analysis/6XSqqQIy7Lm7SnwxS4NrGx,0.859,195987,0.658,0,0.12,-4.79,1,0.159,100.065,4,0.672
2mnXxnrX5vCGolNkaFvVeM,2mnXxnrX5vCGolNkaFvVeM,https://api.spotify.com/v1/tracks/2mnXxnrX5vCGolNkaFvVeM,https://open.spotify.com/track/2mnXxnrX5vCGolNkaFvVeM,4SsVbpTthjScTS7U2hmr1X,Arcángel,2AvuFDqTlnxvYhyVaLU6NY,3,0.111,https://api.spotify.com/v1/audio-analysis/2mnXxnrX5vCGolNkaFvVeM,0.887,196800,0.234,0.67,0.13,-14.52,1,0.178,140.02,4,0.197
10SRMwb9EuVS1K9rYsBfHQ,10SRMwb9EuVS1K9rYsBfHQ,https://api.spotify.com/v1/tracks/10SRMwb9EuVS1K9rYsBfHQ,https://open.spotify.com/track/10SRMwb9EuVS1K9rYsBfHQ,3Nrfpe0tUJi4K4DXYWgMUX,BTS,6al2VdKbb6FIz9d7lU7WRB,19,0.0432,https://api.spotify.com/v1/audio-analysis/10SRMwb9EuVS1K9rYsBfHQ,0.559,193594,0.885,0,0.333,-4.515,1,0.189,172.029,4,0.683
4DHcnVTT87F0zZhRPYmZ3B,4DHcnVTT87F0zZhRPYmZ3B,https://api.spotify.com/v1/tracks/4DHcnVTT87F0zZhRPYmZ3B,https://open.spotify.com/track/4DHcnVTT87F0zZhRPYmZ3B,5YGY8feqx7naU7z4HrwZM6,Miley Cyrus,0HiZ8fNXwJOQcrf5iflrdz,1,0.0632,https://api.spotify.com/v1/audio-analysis/4DHcnVTT87F0zZhRPYmZ3B,0.707,200455,0.681,5.15e-06,0.0322,-4.325,1,0.0668,117.999,4,0.646
0O6u0VJ46W86TxN9wgyqDj,0O6u0VJ46W86TxN9wgyqDj,https://api.spotify.com/v1/tracks/0O6u0VJ46W86TxN9wgyqDj,https://open.spotify.com/track/0O6u0VJ46W86TxN9wgyqDj,246dkjvS1zLTtiykXe5h60,Post Malone,3HHNR44YbP7XogMVwzbodx,5,0.121,https://api.spotify.com/v1/audio-analysis/0O6u0VJ46W86TxN9wgyqDj,0.733,192841,0.67,0,0.121,-6.009,1,0.0751,100.964,4,0.472
5IgjP7X4th6nMNDh4akUHb,5IgjP7X4th6nMNDh4akUHb,https://api.spotify.com/v1/tracks/5IgjP7X4th6nMNDh4akUHb,https://open.spotify.com/track/5IgjP7X4th6nMNDh4akUHb,7bXgB6jMjp9ATFy66eO08Z,Chris Brown,3okhA6w5uau6ZNhnVpwVww,3,0.0635,https://api.spotify.com/v1/audio-analysis/5IgjP7X4th6nMNDh4akUHb,0.733,184613,0.69,1.18e-06,0.105,-5.529,0,0.0427,116.992,4,0.31
5ildQOEKmJuWGl2vRkFdYc,5ildQOEKmJuWGl2vRkFdYc,https://api.spotify.com/v1/tracks/5ildQOEKmJuWGl2vRkFdYc,https://open.spotify.com/track/5ildQOEKmJuWGl2vRkFdYc,7ltDVBr6mKbRvohxheJ9h1,ROSALÍA,5omNd3Mkij9C3ZeW19rRmv,1,0.184,https://api.spotify.com/v1/audio-analysis/5ildQOEKmJuWGl2vRkFdYc,0.919,157018,0.623,1.63e-05,0.0609,-6.521,1,0.0992,130.037,4,0.775
0QHEIqNKsMoOY5urbzN48u,0QHEIqNKsMoOY5urbzN48u,https://api.spotify.com/v1/tracks/0QHEIqNKsMoOY5urbzN48u,https://open.spotify.com/track/0QHEIqNKsMoOY5urbzN48u,6JL8zeS1NmiOftqZTRgdTz,Meghan Trainor,4LVa9bljQRvLYpWr8qyaXs,2,0.345,https://api.spotify.com/v1/audio-analysis/0QHEIqNKsMoOY5urbzN48u,0.838,134256,0.525,1.92e-06,0.0771,-3.562,1,0.0665,144.981,4,0.884
7FbrGaHYVDmfr7KoLIZnQ7,7FbrGaHYVDmfr7KoLIZnQ7,https://api.spotify.com/v1/tracks/7FbrGaHYVDmfr7KoLIZnQ7,https://open.spotify.com/track/7FbrGaHYVDmfr7KoLIZnQ7,4GJ6xDCF5jaUqD6avOuQT6,FIFTY FIFTY,5letLUZIFsQikJYShfGNs4,2,0.435,https://api.spotify.com/v1/audio-analysis/7FbrGaHYVDmfr7KoLIZnQ7,0.783,174253,0.592,4.15e-06,0.347,-8.332,0,0.0331,120.018,4,0.726
