id,name,genre,external_url,image_url,polularity,followers
3Nrfpe0tUJi4K4DXYWgMUX,BTS,"['k-pop', 'k-pop boy group', 'pop']",https://open.spotify.com/artist/3Nrfpe0tUJi4K4DXYWgMUX,https://i.scdn.co/image/ab6761610000e5eb5704a64f34fe29ff73ab56bb,90,65326046
2dIgFjalVxs4ThymZ67YCE,Stray Kids,"['k-pop', 'k-pop boy group', 'pop']",https://open.spotify.com/artist/2dIgFjalVxs4ThymZ67YCE,https://i.scdn.co/image/ab6761610000e5ebada60ffd7a8ce554fd733fb5,82,11341774
1oSPZhvZMIrWW5I41kPkkY,Jimin,['k-pop'],https://open.spotify.com/artist/1oSPZhvZMIrWW5I41kPkkY,https://i.scdn.co/image/ab6761610000e5eb59f8cfc8e71dcaf8c6ec4bde,85,5421983
41MozSoPIsD1dJM0CLPjZF,BLACKPINK,"['k-pop', 'k-pop girl group', 'pop']",https://open.spotify.com/artist/41MozSoPIsD1dJM0CLPjZF,https://i.scdn.co/image/ab6761610000e5ebc9690bc711d04b3d4fd4b87c,85,41330553
7n2Ycct7Beij7Dj7meI4X0,TWICE,"['k-pop', 'k-pop girl group', 'pop']",https://open.spotify.com/artist/7n2Ycct7Beij7Dj7meI4X0,https://i.scdn.co/image/ab6761610000e5eb8944c8aec8db82f35980b191,81,17693638
7nqOGRxlXj7N2JYbgNEjYH,SEVENTEEN,"['k-pop', 'k-pop boy group']",https://open.spotify.com/artist/7nqOGRxlXj7N2JYbgNEjYH,https://i.scdn.co/image/ab6761610000e5eb95f5142b421466cf22028f6f,81,9281722
6HvZYsbFfjnjFrWF950C9d,NewJeans,"['k-pop', 'k-pop girl group']",https://open.spotify.com/artist/6HvZYsbFfjnjFrWF950C9d,https://i.scdn.co/image/ab6761610000e5eb6199c3c2f414880e2b9077a9,80,3457789
0ghlgldX5Dd6720Q3qFyQB,TOMORROW X TOGETHER,"['k-pop', 'k-pop boy group']",https://open.spotify.com/artist/0ghlgldX5Dd6720Q3qFyQB,https://i.scdn.co/image/ab6761610000e5eb63329d77582c519154674fd7,78,8039344
6RHTUrRF63xao58xh9FXYJ,IVE,"['k-pop', 'k-pop girl group']",https://open.spotify.com/artist/6RHTUrRF63xao58xh9FXYJ,https://i.scdn.co/image/ab6761610000e5ebf44daaf3a37f5be9a0721be7,78,2202305
6YVMFz59CuY7ngCxTxjpxE,aespa,"['k-pop', 'k-pop girl group']",https://open.spotify.com/artist/6YVMFz59CuY7ngCxTxjpxE,https://i.scdn.co/image/ab6761610000e5ebb29c20ae1a1435066fe26f35,77,3202266
2AfmfGFbe0A0WsTYm0SDTx,(G)I-DLE,"['k-pop', 'k-pop girl group']",https://open.spotify.com/artist/2AfmfGFbe0A0WsTYm0SDTx,https://i.scdn.co/image/ab6761610000e5eb8abd5f97fc52561939ebbc89,76,5856316
0b1sIQumIAsNbqAoIClSpy,j-hope,"['k-pop', 'k-rap']",https://open.spotify.com/artist/0b1sIQumIAsNbqAoIClSpy,https://i.scdn.co/image/ab6761610000e5ebeb746063d1aafa2817ea11b5,74,14778272
1z4g3DjTBBZKhvAroFlhOM,Red Velvet,"['k-pop', 'k-pop girl group']",https://open.spotify.com/artist/1z4g3DjTBBZKhvAroFlhOM,https://i.scdn.co/image/ab6761610000e5eb5bf330a57b9dcffd8f7b2c14,73,8407212
68KmkJeZGfwe1OUaivBa2L,ATEEZ,"['k-pop', 'k-pop boy group']",https://open.spotify.com/artist/68KmkJeZGfwe1OUaivBa2L,https://i.scdn.co/image/ab6761610000e5eb5d87e2a10ba3b2f8bb2c5270,71,2874045
3HqSLMAZ3g3d5poNaI7GOU,IU,"['k-pop', 'pop']",https://open.spotify.com/artist/3HqSLMAZ3g3d5poNaI7GOU,https://i.scdn.co/image/ab6761610000e5eb006ff3c0136a71bfb9928d34,74,7987151
6HaGTQPmzraVmaVxvz6EUc,Jung Kook,['k-pop'],https://open.spotify.com/artist/6HaGTQPmzraVmaVxvz6EUc,https://i.scdn.co/image/ab6761610000e5ebbda88c5ee506aa67c8835d30,75,7455606
2KC9Qb60EaY0kW4eH68vr3,ITZY,"['k-pop', 'k-pop girl group']",https://open.spotify.com/artist/2KC9Qb60EaY0kW4eH68vr3,https://i.scdn.co/image/ab6761610000e5eb8ec4207332def07fec21874d,71,5461458
7f4ignuCJhLXfZ9giKT7rH,NCT 127,"['k-pop', 'k-pop boy group']",https://open.spotify.com/artist/7f4ignuCJhLXfZ9giKT7rH,https://i.scdn.co/image/ab6761610000e5eb7d874b307cb092e68db73207,69,6695838
1gBUSTR3TyDdTVFIaQnc02,NCT DREAM,"['k-pop', 'k-pop boy group']",https://open.spotify.com/artist/1gBUSTR3TyDdTVFIaQnc02,https://i.scdn.co/image/ab6761610000e5eb64aa2c83dd30331b56ffddf3,73,6586644
5L1lO4eRHmJ7a0Q6csE5cT,LISA,['k-pop'],https://open.spotify.com/artist/5L1lO4eRHmJ7a0Q6csE5cT,https://i.scdn.co/image/ab6761610000e5eb8543b9b2b5d153d37c46606d,75,4514334
6UbmqUEgjLA6jAcXwbM1Z9,BIBI,"['k-pop', 'korean r&b']",https://open.spotify.com/artist/6UbmqUEgjLA6jAcXwbM1Z9,https://i.scdn.co/image/ab6761610000e5eb846662aa85d520b2442d3cd5,69,938457
3cjEqqelV9zb4BYE3qDQ4O,EXO,"['k-pop', 'k-pop boy group']",https://open.spotify.com/artist/3cjEqqelV9zb4BYE3qDQ4O,https://i.scdn.co/image/ab6761610000e5eb465b1b62cf6eca8f851aaabc,71,9563838
6udveWUgX4vu75FF0DTrXV,TAEYANG,"['k-pop', 'korean r&b']",https://open.spotify.com/artist/6udveWUgX4vu75FF0DTrXV,https://i.scdn.co/image/ab6761610000e5eb496189630cd3cb0c7b593fee,71,1077380
6UZ0ba50XreR4TM8u322gs,JISOO,['k-pop'],https://open.spotify.com/artist/6UZ0ba50XreR4TM8u322gs,https://i.scdn.co/image/ab6761610000e5ebcb6017286dd64ca6b77c879f,75,1072518
4XDi67ZENZcbfKnvMnTYsI,Jay Park,"['k-pop', 'k-rap', 'korean r&b']",https://open.spotify.com/artist/4XDi67ZENZcbfKnvMnTYsI,https://i.scdn.co/image/ab6761610000e5ebb6ba89aff53eea0b5f0444e8,67,1951289
1kfWoWgCugPkyxQP8lkRlY,Jackson Wang,['k-pop'],https://open.spotify.com/artist/1kfWoWgCugPkyxQP8lkRlY,https://i.scdn.co/image/ab6761610000e5eb0405e7cc11aecb995703d398,68,3872689
28ot3wh4oNmoFOdVajibBl,NMIXX,"['k-pop', 'k-pop girl group']",https://open.spotify.com/artist/28ot3wh4oNmoFOdVajibBl,https://i.scdn.co/image/ab6761610000e5eb04c88d140b3db4fa42ef84f2,69,1505656
01XYiBYaoMJcNhPokrg0l0,STAYC,"['k-pop', 'k-pop girl group']",https://open.spotify.com/artist/01XYiBYaoMJcNhPokrg0l0,https://i.scdn.co/image/ab6761610000e5eb6f44c5165785a877bd4ae376,66,1324739
6iVo62B0bdTknRcrktCmak,KAI,['k-pop'],https://open.spotify.com/artist/6iVo62B0bdTknRcrktCmak,https://i.scdn.co/image/ab6761610000e5eb07a86e9ca86a984f925e39c4,68,1068570
4TnGh5PKbSjpYqpIdlW5nz,MONSTA X,"['k-pop', 'k-pop boy group']",https://open.spotify.com/artist/4TnGh5PKbSjpYqpIdlW5nz,https://i.scdn.co/image/ab6761610000e5eb3806dc272074141b5f4ae00d,65,5008380
0XATRDCYuuGhk0oE7C0o5G,MAMAMOO,"['k-pop', 'k-pop girl group']",https://open.spotify.com/artist/0XATRDCYuuGhk0oE7C0o5G,https://i.scdn.co/image/ab6761610000e5ebe12972169702affd7a4c48ec,65,6776860
7cVZApDoQZpS447nHTsNqu,LeeHi,['k-pop'],https://open.spotify.com/artist/7cVZApDoQZpS447nHTsNqu,https://i.scdn.co/image/ab6761610000e5eb05cead99b1a81b82a9a42838,66,1505936
6aLdhHUqgdKE86xbtNmY8g,Crush,"['k-pop', 'korean r&b']",https://open.spotify.com/artist/6aLdhHUqgdKE86xbtNmY8g,https://i.scdn.co/image/ab6761610000e5eb8e9d1c8642df6f869631fe62,64,1129586
0ebNdVaOfp6N0oZ1guIxM8,SUGA,['k-pop'],https://open.spotify.com/artist/0ebNdVaOfp6N0oZ1guIxM8,https://i.scdn.co/image/ab6761610000e5eb0fad315ccb6b38517152d2cc,65,2348423
3eCd0TZrBPm2n9cDG6yWfF,DEAN,"['k-pop', 'korean r&b']",https://open.spotify.com/artist/3eCd0TZrBPm2n9cDG6yWfF,https://i.scdn.co/image/ab6761610000e5eb6f5769fc671ca8199168d3fb,61,1334457
5V1qsQHdXNm4ZEZHWvFnqQ,Dreamcatcher,"['k-pop', 'k-pop girl group']",https://open.spotify.com/artist/5V1qsQHdXNm4ZEZHWvFnqQ,https://i.scdn.co/image/ab6761610000e5ebf9fb2a341d6852c012a5d5ee,63,1202528
3qNVuliS40BLgXGxhdBdqu,TAEYEON,['k-pop'],https://open.spotify.com/artist/3qNVuliS40BLgXGxhdBdqu,https://i.scdn.co/image/ab6761610000e5ebb29975f8b42bcba1eae62577,66,2737724
4ufh0WuMZh6y4Dmdnklvdl,BAEKHYUN,['k-pop'],https://open.spotify.com/artist/4ufh0WuMZh6y4Dmdnklvdl,https://i.scdn.co/image/ab6761610000e5eb1e2e0f17d257a40be0782f35,64,2588007
5vV3bFXnN6D6N3Nj4xRvaV,JIN,['k-pop'],https://open.spotify.com/artist/5vV3bFXnN6D6N3Nj4xRvaV,https://i.scdn.co/image/ab6761610000e5ebca4f165e62fbf5ab5a3750ba,69,5979602
3JjvsPeGMbDJqsphe2z8xU,P1Harmony,"['k-pop', 'k-pop boy group']",https://open.spotify.com/artist/3JjvsPeGMbDJqsphe2z8xU,https://i.scdn.co/image/ab6761610000e5eb57b17565f297ad1097b0d2d2,59,706378
2hRQKC0gqlZGPrmUKbcchR,SHINee,"['k-pop', 'k-pop boy group']",https://open.spotify.com/artist/2hRQKC0gqlZGPrmUKbcchR,https://i.scdn.co/image/ab6761610000e5eb7ece2134de8809efcfdc9be7,62,2975914
4Kxlr1PRlDKEB0ekOCyHgX,BIGBANG,"['k-pop', 'k-pop boy group']",https://open.spotify.com/artist/4Kxlr1PRlDKEB0ekOCyHgX,https://i.scdn.co/image/ab6761610000e5eb597a4257d0022e2ac837fa7d,65,5108436
3paGCCtX1Xr4Gx53mSeZuQ,NCT U,"['k-pop', 'k-pop boy group']",https://open.spotify.com/artist/3paGCCtX1Xr4Gx53mSeZuQ,https://i.scdn.co/image/ab6761610000e5eb8bd65b0efee10bfa8328c33b,63,4012407
52zMTJCKluDlFwMQWmccY7,LOONA,"['k-pop', 'k-pop girl group']",https://open.spotify.com/artist/52zMTJCKluDlFwMQWmccY7,https://i.scdn.co/image/ab6761610000e5eb80584436e5726afb70cee7f8,60,2337666
0Sadg1vgvaPqGTOjxu0N6c,Girls' Generation,"['k-pop', 'k-pop girl group']",https://open.spotify.com/artist/0Sadg1vgvaPqGTOjxu0N6c,https://i.scdn.co/image/ab6761610000e5eb385df356841aaec34a0914aa,64,2414504
5TnQc2N1iKlFjYD7CPGvFc,DAY6,"['k-pop', 'k-pop boy group']",https://open.spotify.com/artist/5TnQc2N1iKlFjYD7CPGvFc,https://i.scdn.co/image/ab6761610000e5eb2fba28d51fc972ed9d8fbaaa,63,3091358
1khChLj7REGqjM043PlYyn,Xdinary Heroes,"['k-pop', 'k-pop boy group']",https://open.spotify.com/artist/1khChLj7REGqjM043PlYyn,https://i.scdn.co/image/ab6761610000e5eb9a91656db6afb7a3dd398f22,61,684858
4XpUIb8uuNlIWVKmgKZXC0,ZICO,"['k-pop', 'korean r&b']",https://open.spotify.com/artist/4XpUIb8uuNlIWVKmgKZXC0,https://i.scdn.co/image/ab6761610000e5eb511f570580c79107b2fa70b9,61,1299112
7bmYpVgQub656uNTu6qGNQ,Hwa Sa,"['k-pop', 'korean talent show']",https://open.spotify.com/artist/7bmYpVgQub656uNTu6qGNQ,https://i.scdn.co/image/ab6761610000e5eb6de000137b41e45cc33a3566,62,4053070
3KonOYiLsU53m4yT7gNotP,TREASURE,"['k-pop', 'k-pop boy group']",https://open.spotify.com/artist/3KonOYiLsU53m4yT7gNotP,https://i.scdn.co/image/ab6761610000e5eb5045a0e0d423ce29d6b14ebd,68,2740057
1VwDG9aBflQupaFNjUru9A,NAYEON,['k-pop'],https://open.spotify.com/artist/1VwDG9aBflQupaFNjUru9A,https://i.scdn.co/image/ab6761610000e5ebbb55fc616733b6c09d48481f,63,993817
6nfDaffa50mKtEOwR8g4df,GOT7,"['k-pop', 'k-pop boy group']",https://open.spotify.com/artist/6nfDaffa50mKtEOwR8g4df,https://i.scdn.co/image/ab6761610000e5ebd90aa536055fe9806b3960e6,61,6581070
5LHu1iF8m0XtRBEJbbwSoo,WOOSUNG,"['k-pop', 'korean ost']",https://open.spotify.com/artist/5LHu1iF8m0XtRBEJbbwSoo,https://i.scdn.co/image/ab6761610000e5ebca6daabeb614243f96b2829f,62,559733
5na1LmEmK2VzNLje9snJYW,The Rose,"['k-pop', 'k-pop boy group']",https://open.spotify.com/artist/5na1LmEmK2VzNLje9snJYW,https://i.scdn.co/image/ab6761610000e5eb767815f4876969e8f888f0db,62,2159252
3Cv2vi3WTl8VZOTdrBkKdM,Wonder Girls,"['k-pop', 'k-pop girl group']",https://open.spotify.com/artist/3Cv2vi3WTl8VZOTdrBkKdM,https://i.scdn.co/image/ab6761610000e5eb30a517d1b703c3eabdac2855,59,727383
2PSJ6YriU7JsFucxACpU7Y,CHUNG HA,['k-pop'],https://open.spotify.com/artist/2PSJ6YriU7JsFucxACpU7Y,https://i.scdn.co/image/ab6761610000e5eb93c6f21062da1ef012275ff6,61,2091194
0CmvFWTX9zmMNCUi6fHtAx,THE BOYZ,"['k-pop', 'k-pop boy group']",https://open.spotify.com/artist/0CmvFWTX9zmMNCUi6fHtAx,https://i.scdn.co/image/ab6761610000e5eb771aebd54ce149b97c0bb971,60,2504436
5dCvSnVduaFleCnyy98JMo,HEIZE,"['k-pop', 'korean pop', 'korean r&b']",https://open.spotify.com/artist/5dCvSnVduaFleCnyy98JMo,https://i.scdn.co/image/ab6761610000e5ebb55c3a580a05d6a61bd678ca,60,1112041
5qRSs6mvI17zrkJpOHkCoM,iKON,"['k-pop', 'k-pop boy group']",https://open.spotify.com/artist/5qRSs6mvI17zrkJpOHkCoM,https://i.scdn.co/image/ab6761610000e5eb8eb5e57e526ceb14f06ea203,63,3478896
2FLqlgckDKdmpBrvLAT5BM,Eric Nam,['k-pop'],https://open.spotify.com/artist/2FLqlgckDKdmpBrvLAT5BM,https://i.scdn.co/image/ab6761610000e5ebf5b31977f8ca5a5d9c9d776e,59,2126039
1qBsABYUrxg9afpMtyoFKz,WayV,"['chinese idol pop', 'k-pop']",https://open.spotify.com/artist/1qBsABYUrxg9afpMtyoFKz,https://i.scdn.co/image/ab6761610000e5eb69d86a4744d275ed5259e743,59,1894138
13rF01aOogvnkuQXOlgTW8,TAEMIN,['k-pop'],https://open.spotify.com/artist/13rF01aOogvnkuQXOlgTW8,https://i.scdn.co/image/ab6761610000e5ebb99713cdd2a68b0db306aad6,59,2690087
5R7AMwDeroq6Ls0COQYpS4,Kep1er,['k-pop'],https://open.spotify.com/artist/5R7AMwDeroq6Ls0COQYpS4,https://i.scdn.co/image/ab6761610000e5eb09b55f42dcb8086e37b084a8,62,1158439
3ZZzT0naD25RhY2uZvIKkJ,EVERGLOW,"['k-pop', 'k-pop girl group']",https://open.spotify.com/artist/3ZZzT0naD25RhY2uZvIKkJ,https://i.scdn.co/image/ab6761610000e5eb63cc88daba8709af04c3d6ed,60,1791967
5r1tUTxVSgvBHnoDuDODPH,IZ*ONE,"['k-pop', 'k-pop girl group']",https://open.spotify.com/artist/5r1tUTxVSgvBHnoDuDODPH,https://i.scdn.co/image/ab6761610000e5eba6b0d348c125a072e5284b3e,61,1810198
2e4G04F77jxVuDYo44TCSm,Loco,"['k-pop', 'k-rap', 'korean r&b']",https://open.spotify.com/artist/2e4G04F77jxVuDYo44TCSm,https://i.scdn.co/image/ab6761610000e5eb29971b8d9d19fef176338e4a,60,380961
3eVa5w3URK5duf6eyVDbu9,ROSÉ,['k-pop'],https://open.spotify.com/artist/3eVa5w3URK5duf6eyVDbu9,https://i.scdn.co/image/ab6761610000e5ebd2d167f018561742f26a0997,66,3964224
4k5fFEYgkWYrYvtOK3zVBl,BOL4,['k-pop'],https://open.spotify.com/artist/4k5fFEYgkWYrYvtOK3zVBl,https://i.scdn.co/image/ab6761610000e5ebfdb9292f006730a215b7bfcc,63,1749074
1uAT5bTSp6dWbNmixIUP5t,BSS,['k-pop'],https://open.spotify.com/artist/1uAT5bTSp6dWbNmixIUP5t,https://i.scdn.co/image/ab6761610000e5ebe486a809eaee9b2d85846dae,62,302704
6MoXcK2GyGg7FIyxPU5yW6,SUNMI,['k-pop'],https://open.spotify.com/artist/6MoXcK2GyGg7FIyxPU5yW6,https://i.scdn.co/image/ab6761610000e5eb4a29246fa242d0b9f8de3b31,59,2613869
0UntV1Bw2hk3fbRrm9eMP6,B.I,['k-pop'],https://open.spotify.com/artist/0UntV1Bw2hk3fbRrm9eMP6,https://i.scdn.co/image/ab6761610000e5ebd9ce6b84393575f91c4f4634,61,650898
64k5e9kV9MdukXjFrR5R37,Jessi,['k-pop'],https://open.spotify.com/artist/64k5e9kV9MdukXjFrR5R37,https://i.scdn.co/image/ab6761610000e5ebbe76c66001c8d4973f992208,61,1707922
6y9nlaoynxSvoTGY09Vdcy,WOODZ,"['k-pop', 'korean r&b']",https://open.spotify.com/artist/6y9nlaoynxSvoTGY09Vdcy,https://i.scdn.co/image/ab6761610000e5ebfcc48cc2ee03cde91920d0c0,59,701230
2JhAlkmukNvarUpGhTFXUQ,KARD,['k-pop'],https://open.spotify.com/artist/2JhAlkmukNvarUpGhTFXUQ,https://i.scdn.co/image/ab6761610000e5eb0124ae71378c204c4634cd40,58,1762409
3CVYSpM7nfHFG5qCTW7Ht9,ONEUS,"['k-pop', 'k-pop boy group']",https://open.spotify.com/artist/3CVYSpM7nfHFG5qCTW7Ht9,https://i.scdn.co/image/ab6761610000e5eb8162ce227fb3f8159822aab0,57,849268
0tzSBCPJZmHTdOA3ZV2mN3,CL,['k-pop'],https://open.spotify.com/artist/0tzSBCPJZmHTdOA3ZV2mN3,https://i.scdn.co/image/ab6761610000e5ebc67fe879798c208fcf056dde,57,1125717
0qlWcS66ohOIi0M8JZwPft,GFRIEND,"['k-pop', 'k-pop girl group']",https://open.spotify.com/artist/0qlWcS66ohOIi0M8JZwPft,https://i.scdn.co/image/ab6761610000e5ebd0701912e6fccf8427bc7361,60,1516598
5snNHNlYT2UrtZo5HCJkiw,Epik High,"['k-pop', 'k-rap', 'korean old school hip hop']",https://open.spotify.com/artist/5snNHNlYT2UrtZo5HCJkiw,https://i.scdn.co/image/ab6761610000e5ebe6e2740a63438eda3928f753,56,699907
2QM5S4yO6xHgnNvF0nbZZq,SEULGI,['k-pop'],https://open.spotify.com/artist/2QM5S4yO6xHgnNvF0nbZZq,https://i.scdn.co/image/ab6761610000e5ebde8ad216e0ff7a76573c835e,57,911011
24nUVBIlCGi4twz4nYxJum,fromis_9,"['k-pop', 'k-pop girl group']",https://open.spotify.com/artist/24nUVBIlCGi4twz4nYxJum,https://i.scdn.co/image/ab6761610000e5ebcae99c0bae2247ad4cb0c904,56,1024991
5HenzRvMtSrgtvU16XAoby,Zion.T,"['k-pop', 'k-rap', 'korean r&b']",https://open.spotify.com/artist/5HenzRvMtSrgtvU16XAoby,https://i.scdn.co/image/ab6761610000e5eb5c9eb01fd34c0a998913ae60,56,567823
2GQxKDojobwBjZMPf7aoh0,Billlie,['k-pop'],https://open.spotify.com/artist/2GQxKDojobwBjZMPf7aoh0,https://i.scdn.co/image/ab6761610000e5eb7a1644d7f1d5da83403a627a,56,428812
4BBN286rBKyCWsSPq2cxYO,Sam Kim,"['k-pop', 'korean r&b']",https://open.spotify.com/artist/4BBN286rBKyCWsSPq2cxYO,https://i.scdn.co/image/ab6761610000e5eb18c434d49d7d2f82199fde6d,58,425713
4pz4uzOMpJQyV8UTsDy4H8,ASTRO,"['k-pop', 'k-pop boy group']",https://open.spotify.com/artist/4pz4uzOMpJQyV8UTsDy4H8,https://i.scdn.co/image/ab6761610000e5eb6034058cfde0084f922bb284,60,1898730
30b9WulBM8sFuBo17nNq9c,G-DRAGON,"['k-pop', 'k-rap']",https://open.spotify.com/artist/30b9WulBM8sFuBo17nNq9c,https://i.scdn.co/image/ab6761610000e5eb5923c0ca32a3cf3a81b34728,59,2901859
250b0Wlc5Vk0CoUsaCY84M,JENNIE,['k-pop'],https://open.spotify.com/artist/250b0Wlc5Vk0CoUsaCY84M,https://i.scdn.co/image/ab6761610000e5ebc2c8185fc0902b43e35f671f,63,3420368
7zYj9S9SdIunYCfSm7vzAR,JEON SOMI,['k-pop'],https://open.spotify.com/artist/7zYj9S9SdIunYCfSm7vzAR,https://i.scdn.co/image/ab6761610000e5eb2be8611f6c6e9174031c64df,60,1890474
72nLe76yBFSlP6VBzME358,SHAUN,['k-pop'],https://open.spotify.com/artist/72nLe76yBFSlP6VBzME358,https://i.scdn.co/image/ab6761610000e5eb61f2c97935a963ff7d2cc34b,60,359134
1wKpMkucynaTfG8lyPprYV,PENTAGON,"['k-pop', 'k-pop boy group']",https://open.spotify.com/artist/1wKpMkucynaTfG8lyPprYV,https://i.scdn.co/image/ab6761610000e5eb7fd277fc83d7670dadb45790,56,2136392
1l0mKo96Jh9HVYONcRl3Yp,2NE1,"['dance pop', 'k-pop', 'k-pop girl group']",https://open.spotify.com/artist/1l0mKo96Jh9HVYONcRl3Yp,https://i.scdn.co/image/ab6761610000e5eb20e1b84fe2767e52c4c828fd,59,2404707
48eO052eSDcn8aTxiv6QaG,NCT,"['k-pop', 'k-pop boy group']",https://open.spotify.com/artist/48eO052eSDcn8aTxiv6QaG,https://i.scdn.co/image/ab6761610000e5eb66701ca609176d8fd4a9c4a0,56,5823930
62T5PGHWJ9sxP2SJq20IHq,PURPLE KISS,['k-pop'],https://open.spotify.com/artist/62T5PGHWJ9sxP2SJq20IHq,https://i.scdn.co/image/ab6761610000e5eb83962d7c7c639d9d5c38a0e1,54,341581
2hcsKca6hCfFMwwdbFvenJ,BTOB,"['k-pop', 'k-pop boy group']",https://open.spotify.com/artist/2hcsKca6hCfFMwwdbFvenJ,https://i.scdn.co/image/ab6761610000e5eb09336dcd62a6e91e49e0a0f4,59,1479362
6uNxlIP5lzPFf0BHuELOuX,GOT the beat,['k-pop'],https://open.spotify.com/artist/6uNxlIP5lzPFf0BHuELOuX,https://i.scdn.co/image/ab6761610000e5eb03fd839c09fe375026192645,57,569292
5BHFSMEjfLVx1JwRWjAOsE,SuperM,['k-pop'],https://open.spotify.com/artist/5BHFSMEjfLVx1JwRWjAOsE,https://i.scdn.co/image/ab6761610000e5eb8d69367047a24d20b0323ff7,55,2007913
6gzXCdfYfFe5XKhPKkYqxV,SUPER JUNIOR,"['k-pop', 'k-pop boy group']",https://open.spotify.com/artist/6gzXCdfYfFe5XKhPKkYqxV,https://i.scdn.co/image/ab6761610000e5ebe9996e5d7c5b769b2b26ff1a,59,2376016
2uWcrwgWmZcQc3IPBs3tfU,Apink,"['k-pop', 'k-pop girl group']",https://open.spotify.com/artist/2uWcrwgWmZcQc3IPBs3tfU,https://i.scdn.co/image/ab6761610000e5eb5d7e6f087811f89d7c8f0706,55,1198709
3wRA5UYoo08BBKJnzyKkpF,f(x),"['k-pop', 'k-pop girl group']",https://open.spotify.com/artist/3wRA5UYoo08BBKJnzyKkpF,https://i.scdn.co/image/ab6761610000e5ebe0cc2045ff4e90d12df91cc3,52,1272696
3uGFTJ7JMllvhgGpumieHF,AILEE,['k-pop'],https://open.spotify.com/artist/3uGFTJ7JMllvhgGpumieHF,https://i.scdn.co/image/ab6761610000e5eb8aec4284aed8bb502a411043,57,1097564
4muJrGMndyYWqZtfk8OWy4,BoA,['k-pop'],https://open.spotify.com/artist/4muJrGMndyYWqZtfk8OWy4,https://i.scdn.co/image/ab6761610000e5eb1b86652b4761cbc4d3bc791f,54,802308
5DuzBeOgFwViFcv00Q5PFb,WINNER,"['k-pop', 'k-pop boy group']",https://open.spotify.com/artist/5DuzBeOgFwViFcv00Q5PFb,https://i.scdn.co/image/ab6761610000e5eb9c4acb1897759452c0ed82d9,55,2510405
2019zR22qK2RBvCqtudBaI,OH MY GIRL,"['k-pop', 'k-pop girl group']",https://open.spotify.com/artist/2019zR22qK2RBvCqtudBaI,https://i.scdn.co/image/ab6761610000e5eb9954a1ab45b2404a7bff2a45,54,1691812
6OwKE9Ez6ALxpTaKcT5ayv,AKMU,['k-pop'],https://open.spotify.com/artist/6OwKE9Ez6ALxpTaKcT5ayv,https://i.scdn.co/image/ab6761610000e5eb74700cf88c04af5201df7298,57,1302237
1sjw4xq2pAWy5Vdgba5QAt,HENRY,['k-pop'],https://open.spotify.com/artist/1sjw4xq2pAWy5Vdgba5QAt,https://i.scdn.co/image/ab6761610000e5eb08c37d8877454a98b081fefe,55,485700
3UwlejyX2b458azZ7eCnHb,HyunA,['k-pop'],https://open.spotify.com/artist/3UwlejyX2b458azZ7eCnHb,https://i.scdn.co/image/ab6761610000e5ebd7f4b9b294a630d27f0c4d81,54,2204266
0iQGSzpJ0G0lsugv8jsJHd,OnlyOneOf,"['k-pop', 'k-pop boy group']",https://open.spotify.com/artist/0iQGSzpJ0G0lsugv8jsJHd,https://i.scdn.co/image/ab6761610000e5eb0fe4c2a6bc39969b4b8dbe1d,48,328235
1mORehSVEd7lcaT2d7Sl2K,SURAN,"['k-pop', 'korean r&b']",https://open.spotify.com/artist/1mORehSVEd7lcaT2d7Sl2K,https://i.scdn.co/image/ab6761610000e5eb65dd718aaa2c9b1be0218f76,54,1074738
6hhqsQZhtp9hfaZhSd0VSD,WJSN,"['k-pop', 'k-pop girl group']",https://open.spotify.com/artist/6hhqsQZhtp9hfaZhSd0VSD,https://i.scdn.co/image/ab6761610000e5ebf8786ccb6031a3266bb15606,52,847621
2CQZr2RPZmrcvDnaod1ldC,D.O.,['k-pop'],https://open.spotify.com/artist/2CQZr2RPZmrcvDnaod1ldC,https://i.scdn.co/image/ab6761610000e5eb618eb314202aeec390a5c435,58,1668509
3NdOtTPPaXrCyC7Lpmzyhv,Tablo,"['k-pop', 'k-rap', 'korean r&b']",https://open.spotify.com/artist/3NdOtTPPaXrCyC7Lpmzyhv,https://i.scdn.co/image/ab6761610000e5eb2ae0c418642876b7342964e8,52,228465
1Do4bSzfUl0KWL9r1fITu0,Yoon Mirae,"['k-pop', 'korean ost', 'korean pop', 'korean r&b']",https://open.spotify.com/artist/1Do4bSzfUl0KWL9r1fITu0,https://i.scdn.co/image/ab6761610000e5eb1787f6596afa03df2d44af87,55,282092
4RnezwRV7VBJUCI1S0AE5u,Block B,"['k-pop', 'k-pop boy group', 'korean r&b']",https://open.spotify.com/artist/4RnezwRV7VBJUCI1S0AE5u,https://i.scdn.co/image/ab6761610000e5ebebb34ddba4e4ef87dbb92728,51,1000273
3ytV7vc4ZuwGgwaOuWvkk8,MINO,['k-pop'],https://open.spotify.com/artist/3ytV7vc4ZuwGgwaOuWvkk8,https://i.scdn.co/image/ab6761610000e5ebbaab1c0bd5243ff2557dd0f2,53,1085634
6Xg22wJOAcnvPUfk5WvODH,JEON SOYEON,['k-pop'],https://open.spotify.com/artist/6Xg22wJOAcnvPUfk5WvODH,https://i.scdn.co/image/ab6761610000e5ebadffb99dc62d070da29306ff,53,970348
6FkhUhUwSPl3mGB6mmE8wn,CRAVITY,['k-pop'],https://open.spotify.com/artist/6FkhUhUwSPl3mGB6mmE8wn,https://i.scdn.co/image/ab6761610000e5eb3eafca2941ada62e7fc1cdf7,51,529862
6XXKPxRX2WWPPtfodzpc2v,KEY,['k-pop'],https://open.spotify.com/artist/6XXKPxRX2WWPPtfodzpc2v,https://i.scdn.co/image/ab6761610000e5eb4f68851255a19da34c57fb71,52,589305
6SKusTjOAPsTZ6kareKQdm,TAEYONG,['k-pop'],https://open.spotify.com/artist/6SKusTjOAPsTZ6kareKQdm,https://i.scdn.co/image/ab6761610000e5eb8980623c46119271987de7eb,55,1055297
2YXlVLKq3X3soXd2aXUtIT,JAMIE,['k-pop'],https://open.spotify.com/artist/2YXlVLKq3X3soXd2aXUtIT,https://i.scdn.co/image/ab6761610000e5ebdbabadb9f03b5b3d5e0241e5,51,688162
6jV25rzTKQ2zMgrqHha1V5,CHANYEOL,['k-pop'],https://open.spotify.com/artist/6jV25rzTKQ2zMgrqHha1V5,https://i.scdn.co/image/ab6761610000e5eb53869e100d817ed043bd3704,59,1784405
5RR0MLwcjc87wjSw2JYdwx,MOMOLAND,"['k-pop', 'k-pop girl group']",https://open.spotify.com/artist/5RR0MLwcjc87wjSw2JYdwx,https://i.scdn.co/image/ab6761610000e5eb4d4b74165ecfadcacf0771ae,55,3862696
0FRUZvZNPzM3YJMABJxf2K,WENDY,"['k-pop', 'korean pop']",https://open.spotify.com/artist/0FRUZvZNPzM3YJMABJxf2K,https://i.scdn.co/image/ab6761610000e5ebc65d144f4f352b3cba7b13ea,54,829864
1xs6WFotNQSXweo0GXrS0O,EXID,"['k-pop', 'k-pop girl group']",https://open.spotify.com/artist/1xs6WFotNQSXweo0GXrS0O,https://i.scdn.co/image/ab6761610000e5eb271110d977700b69d9548993,52,1511627
7LOmc7gyMVMOWF8qwEdn2X,SF9,"['k-pop', 'k-pop boy group']",https://open.spotify.com/artist/7LOmc7gyMVMOWF8qwEdn2X,https://i.scdn.co/image/ab6761610000e5eb060cc13fe1a58394ee8ef701,52,1693385
73B9bjqS2Z5KLXNGqXf64m,Weeekly,['k-pop'],https://open.spotify.com/artist/73B9bjqS2Z5KLXNGqXf64m,https://i.scdn.co/image/ab6761610000e5ebc6de192c5941f6605bb9c6ad,53,542888
2p48L95TwEaYkSdn6R7LOr,BamBam,['k-pop'],https://open.spotify.com/artist/2p48L95TwEaYkSdn6R7LOr,https://i.scdn.co/image/ab6761610000e5ebc216d638dc8aca6523d9ab43,60,493753
1lHfzEkKmmvdVDDDLKkcsd,CIX,['k-pop'],https://open.spotify.com/artist/1lHfzEkKmmvdVDDDLKkcsd,https://i.scdn.co/image/ab6761610000e5eb10f846cd7d21c2279e44e11a,49,564130
4rpOWirhzqN7NPgRX76l1k,JOOHONEY,['k-pop'],https://open.spotify.com/artist/4rpOWirhzqN7NPgRX76l1k,https://i.scdn.co/image/ab6761610000e5ebb41d4a656d92f93daed36366,51,280308
78sJswwVn4P8aEhkF4K6fQ,HYOLYN,"['k-pop', 'korean r&b']",https://open.spotify.com/artist/78sJswwVn4P8aEhkF4K6fQ,https://i.scdn.co/image/ab6761610000e5eb20b9410119933f930b722cf0,52,774030
0BqRGrwqndrtNkojXiqIzL,Whee In,"['k-pop', 'korean ost']",https://open.spotify.com/artist/0BqRGrwqndrtNkojXiqIzL,https://i.scdn.co/image/ab6761610000e5ebbbb19ac3f264dea7cea4c42b,51,851295
54gWVQFHf8IIqbjxAoOarN,AOA,"['k-pop', 'k-pop girl group']",https://open.spotify.com/artist/54gWVQFHf8IIqbjxAoOarN,https://i.scdn.co/image/ab67616d0000b27336adcea4e93245f1fec547df,50,712509
2wTLheTmMcFCA4hdY8hZJP,SISTAR,"['k-pop', 'k-pop girl group']",https://open.spotify.com/artist/2wTLheTmMcFCA4hdY8hZJP,https://i.scdn.co/image/ab67616d0000b2733be3a6a60408608f0d33e3bc,52,981717
2ZmXexIJAD7PgABrj0qQRb,N.Flying,"['k-pop', 'k-pop boy group', 'k-rock']",https://open.spotify.com/artist/2ZmXexIJAD7PgABrj0qQRb,https://i.scdn.co/image/ab6761610000e5ebe5bb5b093b8f41a91a651ca7,50,782210
57W9ikVc6O2wLDtmclSjvN,Simon Dominic,"['k-pop', 'k-rap', 'korean r&b']",https://open.spotify.com/artist/57W9ikVc6O2wLDtmclSjvN,https://i.scdn.co/image/ab6761610000e5ebec8a92d94f16b1bb3edabbba,50,445234
6QyO41KctzGc70mVaVnXQO,CLC,"['k-pop', 'k-pop girl group', 'korean city pop']",https://open.spotify.com/artist/6QyO41KctzGc70mVaVnXQO,https://i.scdn.co/image/ab6761610000e5eb123f438003920eced08e348d,50,1238151
5rGgflnIpRNizTCozbYBuY,JONGHYUN,['k-pop'],https://open.spotify.com/artist/5rGgflnIpRNizTCozbYBuY,https://i.scdn.co/image/ab6761610000e5ebc573c5f0d884e1686dd2af2e,50,803199
0UEP2XBR9aC5NBKcAKnBIq,CHEN,['k-pop'],https://open.spotify.com/artist/0UEP2XBR9aC5NBKcAKnBIq,https://i.scdn.co/image/ab6761610000e5ebac6e8615577781def5dcc426,57,1549009
6pC3vnUgNVITdYMMXefi6D,WONHO,['k-pop'],https://open.spotify.com/artist/6pC3vnUgNVITdYMMXefi6D,https://i.scdn.co/image/ab6761610000e5eb06a8091fb81f3e0b182dee6e,48,808068
0sYpJ0nCC8AlDrZFeAA7ub,JOY,['k-pop'],https://open.spotify.com/artist/0sYpJ0nCC8AlDrZFeAA7ub,https://i.scdn.co/image/ab6761610000e5ebc8166baa6c8c9a5d1dbc41b5,52,696805
7DxCK6bwfQC3F2ajZ02R2F,DAWN 던,['k-pop'],https://open.spotify.com/artist/7DxCK6bwfQC3F2ajZ02R2F,https://i.scdn.co/image/ab6761610000e5ebe2499bfc464a476b342b8e45,51,209810
5iRPbkcPmqAFFwDUj6ywVS,2PM,"['k-pop', 'k-pop boy group']",https://open.spotify.com/artist/5iRPbkcPmqAFFwDUj6ywVS,https://i.scdn.co/image/ab6761610000e5eb125d29add59b1d82aa236423,52,763116
4jCGRzuZkwo8CxboiANMEU,AleXa,['k-pop'],https://open.spotify.com/artist/4jCGRzuZkwo8CxboiANMEU,https://i.scdn.co/image/ab6761610000e5eba5d79c36c464a18b9d0d5d79,48,344919
4z6yrDz5GfKXkeQZjOaZdq,DAVICHI,"['k-pop', 'korean pop']",https://open.spotify.com/artist/4z6yrDz5GfKXkeQZjOaZdq,https://i.scdn.co/image/ab6761610000e5eb60815ff18cb9f9f0fe12aa97,55,722107
4o7tWrzQOqarDtTMWD2HV9,LAY,"['chinese electropop', 'chinese idol pop', 'k-pop']",https://open.spotify.com/artist/4o7tWrzQOqarDtTMWD2HV9,https://i.scdn.co/image/ab6761610000e5ebdb9f3fd021846d2f8c5a32bf,51,1488328
7ieMQQDR0bdBPz572mtxwS,BOBBY,['k-pop'],https://open.spotify.com/artist/7ieMQQDR0bdBPz572mtxwS,https://i.scdn.co/image/ab6761610000e5eb2f97d79b20d5c1106baa2c5a,51,881999
6k4r73Wq8nhkCDoUsECL1e,MeloMance,"['k-pop', 'korean pop']",https://open.spotify.com/artist/6k4r73Wq8nhkCDoUsECL1e,https://i.scdn.co/image/ab6761610000e5eb91b559bd00fca9a0a91e5a9c,53,235281
1eTft3tXynrKdo6XD7QHLL,Moon Byul,['k-pop'],https://open.spotify.com/artist/1eTft3tXynrKdo6XD7QHLL,https://i.scdn.co/image/ab6761610000e5eb2d192f1d830db1eba64854fc,50,1126016
7t5H3uQv0Zw6cQUnSTF5BB,Brave Girls,"['k-pop', 'k-pop girl group']",https://open.spotify.com/artist/7t5H3uQv0Zw6cQUnSTF5BB,https://i.scdn.co/image/ab67616d0000b27373d59cc449e4592026c3997a,50,320517
6wPBIyIIMxoqgux29bGF8I,EXO-K,"['k-pop', 'k-pop boy group']",https://open.spotify.com/artist/6wPBIyIIMxoqgux29bGF8I,https://i.scdn.co/image/ab6761610000e5eb178e3ea7bb3b021834a270ce,51,1909686
7Lq3yAtwi0Z7zpxEwbQQNZ,VIVIZ,['k-pop'],https://open.spotify.com/artist/7Lq3yAtwi0Z7zpxEwbQQNZ,https://i.scdn.co/image/ab6761610000e5eb119dd37374b6443e02508156,51,317094
6nVMMEywS5Y4tsHPKx1nIo,TVXQ!,"['k-pop', 'k-pop boy group']",https://open.spotify.com/artist/6nVMMEywS5Y4tsHPKx1nIo,https://i.scdn.co/image/ab6761610000e5ebac19ac3b8773baa5791999fb,51,812158
6bwp9ObI8FWvMPCIWVBmhl,Red Velvet - IRENE & SEULGI,['k-pop'],https://open.spotify.com/artist/6bwp9ObI8FWvMPCIWVBmhl,https://i.scdn.co/image/ab6761610000e5eb7b13da5a8a3dd6e0d53ff764,50,696592
7aZ221EQfonNG2lO9Hh192,KARA,"['k-pop', 'k-pop girl group']",https://open.spotify.com/artist/7aZ221EQfonNG2lO9Hh192,https://i.scdn.co/image/ab6761610000e5eb05b57a10802bacfdfb26afa0,52,543545
5KPaeBm0fVfCSZLydp9jdy,LOOΠΔ / ODD EYE CIRCLE,"['k-pop', 'k-pop girl group']",https://open.spotify.com/artist/5KPaeBm0fVfCSZLydp9jdy,https://i.scdn.co/image/ab67616d0000b273fb3c690920c69107439c2866,44,748520
5vGoWnZO65NBgiZYBmi3iW,KANGDANIEL,['k-pop'],https://open.spotify.com/artist/5vGoWnZO65NBgiZYBmi3iW,https://i.scdn.co/image/ab6761610000e5eb817bd4d5071a23f13c87f225,51,847493
2CvaqAMMsX576VBehaJ0Wx,Wanna One,"['k-pop', 'k-pop boy group']",https://open.spotify.com/artist/2CvaqAMMsX576VBehaJ0Wx,https://i.scdn.co/image/ab67616d0000b27323bd8b27aeb3ad6d4f4339c4,53,1815866
1R52cwGf75yTf7I3Q0Irf8,T-ARA,"['k-pop', 'k-pop girl group']",https://open.spotify.com/artist/1R52cwGf75yTf7I3Q0Irf8,https://i.scdn.co/image/cd8af1e4b3bcab50bc4457ea1d4bd21bb51654dc,51,789986
4U80LJd8sG6U9YTFP5izka,Suzy,['k-pop'],https://open.spotify.com/artist/4U80LJd8sG6U9YTFP5izka,https://i.scdn.co/image/ab67616d0000b273112b210accd05345a17a46f0,51,462459
3ybZTNrlK0QhL4rBxfLHOc,Gaho,['k-pop'],https://open.spotify.com/artist/3ybZTNrlK0QhL4rBxfLHOc,https://i.scdn.co/image/ab6761610000e5ebcf31cffaddd3efbbc047b9cf,52,343725
25KT93FeotUTHC1dbLasxi,A.C.E,"['k-pop', 'k-pop boy group']",https://open.spotify.com/artist/25KT93FeotUTHC1dbLasxi,https://i.scdn.co/image/ab6761610000e5eb9cbeeae6a6687af8e7a9adb0,46,1346115
5cYcI546S8Lf97m4mNdYLD,Solar,['k-pop'],https://open.spotify.com/artist/5cYcI546S8Lf97m4mNdYLD,https://i.scdn.co/image/ab6761610000e5ebb0b4c8d0a415cab50e033129,49,915722
3Lz3vEN23Fw0hIelrYEzUD,EXO-CBX,"['k-pop', 'k-pop boy group']",https://open.spotify.com/artist/3Lz3vEN23Fw0hIelrYEzUD,https://i.scdn.co/image/ab6761610000e5ebb1d0ee2922afe87c228d4cdc,52,2572488
20j1uz7iDOtIvIzCr5S8nx,SEUNGRI,['k-pop'],https://open.spotify.com/artist/20j1uz7iDOtIvIzCr5S8nx,https://i.scdn.co/image/ab6761610000e5eb75d568a0463e2a58adfda1b4,54,478951
6cdC1cwqh3eJAXaxXJt2jv,4Minute,"['k-pop', 'k-pop girl group']",https://open.spotify.com/artist/6cdC1cwqh3eJAXaxXJt2jv,https://i.scdn.co/image/621c729dd90a6e7a63fc8f0957b2b928834ec5a8,49,1097211
1bkpTEmumLC3xc7HgMsttU,INFINITE,"['k-pop', 'k-pop boy group']",https://open.spotify.com/artist/1bkpTEmumLC3xc7HgMsttU,https://i.scdn.co/image/73dc7f381cbfe1e0a00bfdbfde4cee41e3901e0d,51,889196
0ziR2zN0NFcB4x1G3P8cW3,VICTON,"['k-pop', 'k-pop boy group']",https://open.spotify.com/artist/0ziR2zN0NFcB4x1G3P8cW3,https://i.scdn.co/image/ab6761610000e5eb61c760e928840e5c30787b35,47,892437
7sZ5ipSoboWdqXkdj6AXHo,ONEW,['k-pop'],https://open.spotify.com/artist/7sZ5ipSoboWdqXkdj6AXHo,https://i.scdn.co/image/ab6761610000e5eb91be5c05f2c9ba78b4091669,49,418384
3b4kLCI0ZJW47TFsNRqgCb,SOYOU,['k-pop'],https://open.spotify.com/artist/3b4kLCI0ZJW47TFsNRqgCb,https://i.scdn.co/image/ab6772690000c46cabd01dc7714cb1037aeaf827,51,362980
1Pr9gT0veB2tgcisQeIGoC,Beast,"['k-pop', 'k-pop boy group']",https://open.spotify.com/artist/1Pr9gT0veB2tgcisQeIGoC,https://i.scdn.co/image/ab6761610000e5eb080109ba641204f8c80d2b5e,50,470729
5BkB3rXc0qIdUtuEnhbK0A,VIXX,"['k-pop', 'k-pop boy group']",https://open.spotify.com/artist/5BkB3rXc0qIdUtuEnhbK0A,https://i.scdn.co/image/ab6761610000e5ebcc16962350ffaa0b6360630a,46,967302
3IJCdgkBZbieocLZ4e94GZ,Cherry Bullet,"['k-pop', 'k-pop girl group']",https://open.spotify.com/artist/3IJCdgkBZbieocLZ4e94GZ,https://i.scdn.co/image/ab6761610000e5eb7415221d0cb40f21f8e4c5f4,46,371705
1lFLniFTaPjYCtQZvDXpqu,KIMSEJEONG,['k-pop'],https://open.spotify.com/artist/1lFLniFTaPjYCtQZvDXpqu,https://i.scdn.co/image/ab6761610000e5ebe4c22467d83689a84c7f37ad,51,443690
3Q5Qep7ytrjVleNnMnntgQ,TEN,['k-pop'],https://open.spotify.com/artist/3Q5Qep7ytrjVleNnMnntgQ,https://i.scdn.co/image/ab6761610000e5ebf1d6a7c024d667150db85c85,54,539198
4D9foUQxTrsS0w2BeyCD16,ONEWE,"['k-pop', 'k-pop boy group']",https://open.spotify.com/artist/4D9foUQxTrsS0w2BeyCD16,https://i.scdn.co/image/ab6772690000c46cc8a347829c638ae6bbdb8434,46,372080
1BEohdSWSBggmO979tzRwW,miss A,"['k-pop', 'k-pop girl group']",https://open.spotify.com/artist/1BEohdSWSBggmO979tzRwW,https://i.scdn.co/image/ab6761610000e5eb3b93ad49bde5a3655aef95cd,48,904371
1OjcBoc71FwlzD5cJGx7xk,SULLI,['k-pop'],https://open.spotify.com/artist/1OjcBoc71FwlzD5cJGx7xk,https://i.scdn.co/image/ab6761610000e5eb6ecc590101dde2ae2ffbea2d,44,261597
6NdzNrBP8Jbhzp6h7yojht,CHEEZE,"['k-pop', 'korean pop']",https://open.spotify.com/artist/6NdzNrBP8Jbhzp6h7yojht,https://i.scdn.co/image/ab6761610000e5eb2e5dfbe2daf59e210ebe57e6,47,128126
13kJgvU22LHMsJtGWLmx7W,Girl's Day,"['k-pop', 'k-pop girl group']",https://open.spotify.com/artist/13kJgvU22LHMsJtGWLmx7W,https://i.scdn.co/image/ab67616d0000b2739e03d61c4f569348f1bedacd,47,709198
6BgYuNomEs12UIrnxhWE9a,TRI.BE,"['k-pop', 'k-pop girl group']",https://open.spotify.com/artist/6BgYuNomEs12UIrnxhWE9a,https://i.scdn.co/image/ab6761610000e5eb9d2f7d9ba199152a396ed07e,47,239038
1XNC9ksvgXeD1xRJruSA5t,K.Will,"['k-pop', 'korean pop']",https://open.spotify.com/artist/1XNC9ksvgXeD1xRJruSA5t,https://i.scdn.co/image/ab67616d0000b273cc99365d2107af75c86d42f7,49,359805
0hRHbwZ0xSwfVHl4FTv7jq,Gummy,"['k-pop', 'korean pop']",https://open.spotify.com/artist/0hRHbwZ0xSwfVHl4FTv7jq,https://i.scdn.co/image/ab67616d0000b273a2b9d33218ab66023556eda8,51,307531
6RKnXXyprPjhBdCvL802Ku,I.O.I,"['k-pop', 'k-pop girl group', 'k-pop reality show']",https://open.spotify.com/artist/6RKnXXyprPjhBdCvL802Ku,https://i.scdn.co/image/ab6761610000e5eb8884036ea777e2afb47ac7a2,48,1318645
0js3wKXyi7RL11sfOykRt1,dj friz,['k-pop'],https://open.spotify.com/artist/0js3wKXyi7RL11sfOykRt1,https://i.scdn.co/image/ab67616d0000b273a0c7eeb314e52270af39920d,46,2531
1fWUcRSok57yRm8gPKj1Fc,VERIVERY,"['k-pop', 'k-pop boy group']",https://open.spotify.com/artist/1fWUcRSok57yRm8gPKj1Fc,https://i.scdn.co/image/ab6761610000e5eb59749ba840544efb98f280f1,45,332395
5LWkv2hDbDwZL3zNwZYNPx,Weki Meki,"['k-pop', 'k-pop girl group']",https://open.spotify.com/artist/5LWkv2hDbDwZL3zNwZYNPx,https://i.scdn.co/image/ab6761610000e5eb254daf7026f593ccd20812e5,44,974400
4y0wFJ5jmCUNRLZfsw1I7g,AB6IX,"['k-pop', 'k-pop boy group']",https://open.spotify.com/artist/4y0wFJ5jmCUNRLZfsw1I7g,https://i.scdn.co/image/ab6761610000e5eb62d9c0848a4f74f58948ab44,46,540549
2FJYWlqgtoiBtXpOy9GGIF,OMEGA X,['k-pop'],https://open.spotify.com/artist/2FJYWlqgtoiBtXpOy9GGIF,https://i.scdn.co/image/ab6761610000e5eb47c2f6bb443d7c6f9f2e2ce7,46,181947
6kxCoNfY6U1eP0Yc88phvk,B.A.P,"['k-pop', 'k-pop boy group']",https://open.spotify.com/artist/6kxCoNfY6U1eP0Yc88phvk,https://i.scdn.co/image/ab67616d0000b273fd9b87fcffab639927a810b3,46,752662
1iQfn1B8V25iQoolQakyAZ,NU'EST,"['k-pop', 'k-pop boy group']",https://open.spotify.com/artist/1iQfn1B8V25iQoolQakyAZ,https://i.scdn.co/image/ab6761610000e5eb7682e26b8e7f5bfed0e87d84,45,1011673
49tkHHS0mXwa5eLYvyvKyd,I.M,['k-pop'],https://open.spotify.com/artist/49tkHHS0mXwa5eLYvyvKyd,https://i.scdn.co/image/ab6761610000e5ebbae62b008f8fa8160dc6c1c1,43,329749
0jVvkFPa6YbFXQ3Qmhita0,SHINHWA,"['classic k-pop', 'k-pop', 'k-pop boy group']",https://open.spotify.com/artist/0jVvkFPa6YbFXQ3Qmhita0,https://i.scdn.co/image/ab6761610000e5ebfae37f375b06347af986a917,44,291980
3U7bOaJLuFkrmDQ1C1OqKl,HYO,['k-pop'],https://open.spotify.com/artist/3U7bOaJLuFkrmDQ1C1OqKl,https://i.scdn.co/image/ab6761610000e5eb23c6033b3b20959a2154328b,47,511665
5fI4xffqGRGQvICSlJreMF,GWSN,['k-pop'],https://open.spotify.com/artist/5fI4xffqGRGQvICSlJreMF,https://i.scdn.co/image/ab6761610000e5eb8dc462bd191cfee4f6b1afb5,41,152937
2QHTtUsN6Q13w3QHdfRqsK,Orange Caramel,"['k-pop', 'k-pop girl group']",https://open.spotify.com/artist/2QHTtUsN6Q13w3QHdfRqsK,https://i.scdn.co/image/ab67616d0000b27336484b845182eec375dace20,42,311396
4VbAtGhXMJr2AGXa8fkcRu,I-LAND,['k-pop'],https://open.spotify.com/artist/4VbAtGhXMJr2AGXa8fkcRu,https://i.scdn.co/image/ab6761610000e5ebaecbde43809c2bc618798e2d,48,597095
6JTCN21ovvrR3iPViZTXz4,HyunA&DAWN,['k-pop'],https://open.spotify.com/artist/6JTCN21ovvrR3iPViZTXz4,https://i.scdn.co/image/ab6761610000e5ebf36c43782f2d67f01055eaac,46,152000
3fS78kAWd9dVFyaPQ363YO,Lu Han,"['chinese electropop', 'chinese idol pop', 'k-pop', 'mainland chinese pop', 'mandopop']",https://open.spotify.com/artist/3fS78kAWd9dVFyaPQ363YO,https://i.scdn.co/image/ab6761610000e5ebc8dbadae7c4593e53bad1b6a,44,910644
7FiAkNWMb6ZBYI8tbQLuIS,MAX CHANGMIN,['k-pop'],https://open.spotify.com/artist/7FiAkNWMb6ZBYI8tbQLuIS,https://i.scdn.co/image/ab6761610000e5ebf55b31064f94878f3da932c8,43,109600
2GEPtT5RDxrmdi0A4mbDi7,Brown Eyed Girls,"['k-pop', 'k-pop girl group']",https://open.spotify.com/artist/2GEPtT5RDxrmdi0A4mbDi7,https://i.scdn.co/image/ab6761610000e5ebc88f194bc631713f1ddafca9,42,258393
4hyF8Vtc73RYJr3RgTE2Zf,YESUNG,['k-pop'],https://open.spotify.com/artist/4hyF8Vtc73RYJr3RgTE2Zf,https://i.scdn.co/image/ab6761610000e5eb1f9c07e4400cac6892c9739a,47,351897
3ErHVJMsxTq2lLSmnONBm9,Roy Kim,"['k-pop', 'korean pop']",https://open.spotify.com/artist/3ErHVJMsxTq2lLSmnONBm9,https://i.scdn.co/image/ab6761610000e5eb6b7398506c390adcb000771f,46,248262
6dCz3spfpIvqqqsIoP6wXi,CNBLUE,"['k-pop', 'k-pop boy group']",https://open.spotify.com/artist/6dCz3spfpIvqqqsIoP6wXi,https://i.scdn.co/image/ab6761610000e5eb5fb1c4d1c614d4aa960f2c05,48,704596
0p5Ot7c8cFHtS82hd1WBN3,KINGDOM,"['k-pop', 'k-pop boy group']",https://open.spotify.com/artist/0p5Ot7c8cFHtS82hd1WBN3,https://i.scdn.co/image/ab6761610000e5ebb3c633d8f23531e0d6458cae,41,168445
0il5ZP3xYOECtONJtZ38Ln,KYUHYUN,['k-pop'],https://open.spotify.com/artist/0il5ZP3xYOECtONJtZ38Ln,https://i.scdn.co/image/ab6761610000e5ebe16ccc260b4ef8fd6b9e46a3,48,375735
0NztgA9b1KEJLjLVqMwd9y,E'LAST,"['k-pop', 'k-pop boy group']",https://open.spotify.com/artist/0NztgA9b1KEJLjLVqMwd9y,https://i.scdn.co/image/ab6761610000e5eb3afdd832dbf2d07c3e2502be,38,172219
6pU8o91xAS0aWNjj06nQSU,Kassy,"['k-pop', 'korean pop']",https://open.spotify.com/artist/6pU8o91xAS0aWNjj06nQSU,https://i.scdn.co/image/ab67616d0000b273a153641a9a5266c40757f5b7,47,85087
6nWKAdMv1BDq1zHfZzkdbR,HOSHI,['k-pop'],https://open.spotify.com/artist/6nWKAdMv1BDq1zHfZzkdbR,https://i.scdn.co/image/ab6761610000e5ebe5957f0e648d81871e5b15d4,43,298443
4k2MyP64uZ78mvjKd1Ciq2,KIM WOO SEOK,['k-pop'],https://open.spotify.com/artist/4k2MyP64uZ78mvjKd1Ciq2,https://i.scdn.co/image/ab6761610000e5eb568d2846f8b9c8267da1e34d,42,210333
5zShiwTHlygdfsXj6eavTu,Golden Child,"['k-pop', 'k-pop boy group']",https://open.spotify.com/artist/5zShiwTHlygdfsXj6eavTu,https://i.scdn.co/image/ab6761610000e5ebbaa0603fb21f0914f8a27204,43,636379
5t0Js3X9t4wpgXGlaiTFe6,XIUMIN,['k-pop'],https://open.spotify.com/artist/5t0Js3X9t4wpgXGlaiTFe6,https://i.scdn.co/image/ab6761610000e5eb20622e05023cf01e675e3af2,48,957075
0eEhOgZ2x6kv8kLz77WO7b,ONF,"['k-pop', 'k-pop boy group']",https://open.spotify.com/artist/0eEhOgZ2x6kv8kLz77WO7b,https://i.scdn.co/image/ab6761610000e5eb31c66e3be1b68c78d96abadd,44,612877
0dX6tgZKWpamoFHFuXFhwd,Mad Clown,"['k-pop', 'k-rap']",https://open.spotify.com/artist/0dX6tgZKWpamoFHFuXFhwd,https://i.scdn.co/image/ab67616d0000b27396d6835bdd87126f00b4b4e2,49,119987
4cJ99wTjC60pXcfyISL9fa,APRIL,"['k-pop', 'k-pop girl group']",https://open.spotify.com/artist/4cJ99wTjC60pXcfyISL9fa,https://i.scdn.co/image/ab6772690000c46ca73a1105cf0a5ca4b144941f,40,490375
6rmMpoeu2SIV4OLURCOn2e,SS501,"['k-pop', 'k-pop boy group']",https://open.spotify.com/artist/6rmMpoeu2SIV4OLURCOn2e,https://i.scdn.co/image/ab67616d0000b27320391f7a71056d03442964a0,47,248249
3sxWOFw4MSN54SIQ8np6iG,B1A4,"['k-pop', 'k-pop boy group']",https://open.spotify.com/artist/3sxWOFw4MSN54SIQ8np6iG,https://i.scdn.co/image/ab6761610000e5ebb91b9ec819a4c4b30e37307d,43,572715
3offPqpKAKmpQkIdWnjzkc,TEEN TOP,"['k-pop', 'k-pop boy group']",https://open.spotify.com/artist/3offPqpKAKmpQkIdWnjzkc,https://i.scdn.co/image/ab6761610000e5eb0fee49f83ad882a6ca6e999b,44,390372
5zkf2Na8DKKJmtWX5Xrx3m,SUHO,['k-pop'],https://open.spotify.com/artist/5zkf2Na8DKKJmtWX5Xrx3m,https://i.scdn.co/image/ab6761610000e5eb43e23cda3e575bd85ec28a0a,46,1271065
58BWh3yJrluDugLv0QF0eC,Lee So Ra,"['k-pop', 'korean pop', 'korean singer-songwriter']",https://open.spotify.com/artist/58BWh3yJrluDugLv0QF0eC,https://i.scdn.co/image/ab67616d0000b2733694e520c30f4eff71742f10,43,43735
0tBYMeHDDJCzRuREuCTWi7,PARK JI HOON,['k-pop'],https://open.spotify.com/artist/0tBYMeHDDJCzRuREuCTWi7,https://i.scdn.co/image/ab6761610000e5eba0eb8452f260c85c5b89584e,43,320577
7mgY992t7YTx6UELsoIMRa,woo!ah!,"['k-pop', 'k-pop girl group']",https://open.spotify.com/artist/7mgY992t7YTx6UELsoIMRa,https://i.scdn.co/image/ab6761610000e5ebfaed7673b064bf24b6638ad4,40,184793
6741jcSlgsv0M3B4ruIPS5,EXO-SC,"['k-pop', 'k-pop boy group']",https://open.spotify.com/artist/6741jcSlgsv0M3B4ruIPS5,https://i.scdn.co/image/ab6761610000e5ebb818ae8414a3c6412f7432cf,47,1174841
1loWI8jVk9btgJXHgqHXPD,After School,"['k-pop', 'k-pop girl group']",https://open.spotify.com/artist/1loWI8jVk9btgJXHgqHXPD,https://i.scdn.co/image/ab67616d0000b273aab37cd3daa1bed7ed95d220,42,344777
6KhH771vq2X2Aom91nNzpZ,FTISLAND,"['k-pop', 'k-pop boy group', 'k-rock']",https://open.spotify.com/artist/6KhH771vq2X2Aom91nNzpZ,https://i.scdn.co/image/ab6761610000e5eb1b292e259135a33ce789bb52,46,465951
2l9aF9jOgB7GI1uyNkx836,JEONG SEWOON,"['k-pop', 'korean ost']",https://open.spotify.com/artist/2l9aF9jOgB7GI1uyNkx836,https://i.scdn.co/image/ab6761610000e5eb4a2aeef4629b4a89526d71e7,47,277062
5IMXUzbeAyevQmvtOhXQGi,DOYOUNG,['k-pop'],https://open.spotify.com/artist/5IMXUzbeAyevQmvtOhXQGi,https://i.scdn.co/image/ab6761610000e5eb8aa4bc5d6662c2bedb01a7c2,46,623397
3g34PW5oNmDBxMVUTzx2XK,Lovelyz,"['k-pop', 'k-pop girl group']",https://open.spotify.com/artist/3g34PW5oNmDBxMVUTzx2XK,https://i.scdn.co/image/ab6761610000e5eb02b921a7ab0c2e7f35e250f8,41,439168
0ztjVBmFk6OuHq6XBBwMI9,Trouble Maker,['k-pop'],https://open.spotify.com/artist/0ztjVBmFk6OuHq6XBBwMI9,https://i.scdn.co/image/ab67616d0000b273ef6b9310f4cef9d603fa8873,43,192290
0gdWU9IX6LIiuPvXh95pas,NU'EST W,"['k-pop', 'k-pop boy group']",https://open.spotify.com/artist/0gdWU9IX6LIiuPvXh95pas,https://i.scdn.co/image/ab6761610000e5eb47fd0c76611659752147f9ef,42,620740
59dDRtMe8DILtibke8FWLK,MCND,['k-pop'],https://open.spotify.com/artist/59dDRtMe8DILtibke8FWLK,https://i.scdn.co/image/ab6761610000e5eb7121e6a40061672fa440b02b,41,458648
5WUom9mTTEewPdUmI4qnQi,NATURE,"['k-pop', 'k-pop girl group']",https://open.spotify.com/artist/5WUom9mTTEewPdUmI4qnQi,https://i.scdn.co/image/ab6761610000e5eb32611c63e1f3055a54d1f693,42,188833
4hozqATxbpy9TwKWRT8QVO,Rocket Punch,"['k-pop', 'k-pop girl group']",https://open.spotify.com/artist/4hozqATxbpy9TwKWRT8QVO,https://i.scdn.co/image/ab6761610000e5eb35d59e8b827da4f6ca4db5a9,38,173989
1sVSMPPNMMSZ7cQNfbvMOe,Eddy Kim,"['k-pop', 'korean pop', 'korean singer-songwriter']",https://open.spotify.com/artist/1sVSMPPNMMSZ7cQNfbvMOe,https://i.scdn.co/image/ab67616d0000b273cbf7e4805c9cf8b4ef6de204,44,363120
3HJVw8aEtFqoc3raJVE8am,GD X TAEYANG,"['k-pop', 'k-pop boy group']",https://open.spotify.com/artist/3HJVw8aEtFqoc3raJVE8am,https://i.scdn.co/image/ab6761610000e5eb297e7c351824ad6c818be5de,43,340479
5Q0U6ogBrMX2oxmxy5OTzU,SISTAR19,"['k-pop', 'k-pop girl group']",https://open.spotify.com/artist/5Q0U6ogBrMX2oxmxy5OTzU,https://i.scdn.co/image/ab67616d0000b27363c31401b11c56386ed0c9b7,41,191382
3EfnKIG9827OXkcQQT7HEI,SUPER JUNIOR-D&E,"['k-pop', 'k-pop boy group']",https://open.spotify.com/artist/3EfnKIG9827OXkcQQT7HEI,https://i.scdn.co/image/ab6761610000e5ebabd3ed867a1eab30accb7bf0,45,655843
3e3oLJehq4vQl2H0FAJnvn,GD&TOP,"['k-pop', 'k-rap']",https://open.spotify.com/artist/3e3oLJehq4vQl2H0FAJnvn,https://i.scdn.co/image/ab67616d0000b2735f1fdcba9a677d0c124e2c15,40,607965
3T0fMfxYBU3q9oAUAdPIsr,HIGHLIGHT,"['k-pop', 'k-pop boy group']",https://open.spotify.com/artist/3T0fMfxYBU3q9oAUAdPIsr,https://i.scdn.co/image/ab6772690000c46c1c992627fe38d0b80de386f3,41,512772
08uRwDeNv1d7FSwlOUZdSn,MINHO,['k-pop'],https://open.spotify.com/artist/08uRwDeNv1d7FSwlOUZdSn,https://i.scdn.co/image/ab6761610000e5eb0d34a4566ba05186c98b8039,38,148535
5JPKwLsHGaPIlxqHiF29e4,LOONA/yyxy,"['k-pop', 'k-pop girl group']",https://open.spotify.com/artist/5JPKwLsHGaPIlxqHiF29e4,https://i.scdn.co/image/ab67616d0000b27319f29ba212fa38eb88cf3643,36,267079
7IkfFdVcI6HrRKuOO9NvX5,WEi,['k-pop'],https://open.spotify.com/artist/7IkfFdVcI6HrRKuOO9NvX5,https://i.scdn.co/image/ab67616d0000b2734f90a5572f3b27bfb789e361,40,222527
3riGN5iBVBk5naQxUDr5fk,VAV,"['k-pop', 'k-pop boy group']",https://open.spotify.com/artist/3riGN5iBVBk5naQxUDr5fk,https://i.scdn.co/image/ab6761610000e5ebf27dcd6dfc3fa227fe04cb01,38,794510
4DoedGw38ubJdAT1edFsIx,DKB,"['k-pop', 'k-pop boy group']",https://open.spotify.com/artist/4DoedGw38ubJdAT1edFsIx,https://i.scdn.co/image/ab67616d0000b273d51ab93be9525e124f4a6a58,38,141904
6tvrEIVX5eKJlipdzt11wi,Park Boram,"['k-pop', 'korean pop']",https://open.spotify.com/artist/6tvrEIVX5eKJlipdzt11wi,https://i.scdn.co/image/ab6761610000e5eba8122d4a918d073e161b21ed,42,144059
55tJwpPIz9BMrSLM45iEXX,9MUSES,"['k-pop', 'k-pop girl group']",https://open.spotify.com/artist/55tJwpPIz9BMrSLM45iEXX,https://i.scdn.co/image/ab67616d0000b273efb1438c83e929e60f250be2,38,218787
5IVacR5tKgTu9HotcG8kkl,DRIPPIN,['k-pop'],https://open.spotify.com/artist/5IVacR5tKgTu9HotcG8kkl,https://i.scdn.co/image/ab6761610000e5ebc940e583c293f73d9501a1df,39,136257
3TW9U1f93tpGBsEtCSf7JG,HELLOVENUS,"['k-pop', 'k-pop girl group']",https://open.spotify.com/artist/3TW9U1f93tpGBsEtCSf7JG,https://i.scdn.co/image/ab67616d0000b2734137dd7f6007dda47c5ed557,37,258517
5UKoKVlU7EDN4UgDuVRAbX,Baek A Yeon,"['k-pop', 'korean pop']",https://open.spotify.com/artist/5UKoKVlU7EDN4UgDuVRAbX,https://i.scdn.co/image/ab6761610000e5eb15013ea6c52375a379c51cbf,42,249905
1klFdLh3pak3eOtJP0styY,Triple H,['k-pop'],https://open.spotify.com/artist/1klFdLh3pak3eOtJP0styY,https://i.scdn.co/image/ab67616d0000b273a5def6103ccb607dbb9dabc9,37,497008
5Pcx98OUnL52aGZRRQx5v8,DIA,"['k-pop', 'k-pop girl group']",https://open.spotify.com/artist/5Pcx98OUnL52aGZRRQx5v8,https://i.scdn.co/image/ab67616d0000b273f179b7cfae858ced4e46b296,36,204623
56HZvtrzD82YKMGGJTlIG2,LUNA,['k-pop'],https://open.spotify.com/artist/56HZvtrzD82YKMGGJTlIG2,https://i.scdn.co/image/ab6761610000e5eb62cb2636a1ec32847d980456,35,83707
2lkCfFklQDBPlQzS4tR3VP,Tiffany Young,"['k-pop', 'korean r&b']",https://open.spotify.com/artist/2lkCfFklQDBPlQzS4tR3VP,https://i.scdn.co/image/ab6761610000e5eb23b4bac16139fc8a05fde236,40,415396
4zTNiArZgV1SKWATSFshVI,PRISTIN V,"['k-pop', 'k-pop girl group']",https://open.spotify.com/artist/4zTNiArZgV1SKWATSFshVI,https://i.scdn.co/image/ab67616d0000b273ca3d2178304211a0026eb455,36,471825
61MMiylth1injW39oZBuYB,San E,"['k-pop', 'k-rap']",https://open.spotify.com/artist/61MMiylth1injW39oZBuYB,https://i.scdn.co/image/ab6761610000e5ebc334f8486d1a946cbc39d049,38,85952
7brWAbUcLVhV9o1w1dLcsx,Z.TAO,"['chinese electropop', 'chinese idol pop', 'k-pop', 'mandopop']",https://open.spotify.com/artist/7brWAbUcLVhV9o1w1dLcsx,https://i.scdn.co/image/ab6761610000e5ebef2e23d074da57ed38eb521c,40,736665
6C4irZ60X8G7UimMRQiCcg,X1,['k-pop'],https://open.spotify.com/artist/6C4irZ60X8G7UimMRQiCcg,https://i.scdn.co/image/ab6761610000e5eb45204fa68d0b6d26ea6ca0ef,40,353377
3CC7p9QM4VjO62rmcaRP3z,LEE GI KWANG,['k-pop'],https://open.spotify.com/artist/3CC7p9QM4VjO62rmcaRP3z,https://i.scdn.co/image/ab67616d0000b2734658e507f955cca3821ac3f9,38,70082
4epPY1AW9lQeVUM1XaFiwi,LADIES' CODE,"['k-pop', 'k-pop girl group']",https://open.spotify.com/artist/4epPY1AW9lQeVUM1XaFiwi,https://i.scdn.co/image/ab67616d0000b2735ac0ff859d64d1b540196692,34,157759
4u9YxYzCjpMjnMcwNu9fzy,LOOΠΔ 1/3,"['k-pop', 'k-pop girl group']",https://open.spotify.com/artist/4u9YxYzCjpMjnMcwNu9fzy,https://i.scdn.co/image/ab67616d0000b2730d09ac19b3c556774e186e53,34,255309
6DNTezBmjBm68oYPCENCcA,DEMIAN,['k-pop'],https://open.spotify.com/artist/6DNTezBmjBm68oYPCENCcA,https://i.scdn.co/image/ab6761610000e5ebe661ac59efc0e9b611fb246d,34,142632
2GB76Lm833jVI5kLvKEB7Z,U-KISS,"['k-pop', 'k-pop boy group']",https://open.spotify.com/artist/2GB76Lm833jVI5kLvKEB7Z,https://i.scdn.co/image/ab6761610000e5eb0b1524ab40c5d29ca5e14cf9,38,363727
3uHb6dRazmcaT15bMexUtt,Park Bom,['k-pop'],https://open.spotify.com/artist/3uHb6dRazmcaT15bMexUtt,https://i.scdn.co/image/ab67616d0000b27351a6e11c1fbff6925f93aa04,37,137187
1foL9hLC9M6U94dINtOYfb,Girls' Generation-Oh!GG,"['k-pop', 'k-pop girl group']",https://open.spotify.com/artist/1foL9hLC9M6U94dINtOYfb,https://i.scdn.co/image/ab6761610000e5eb260d891bd56f62d81ff3b91c,39,199569
6uRyNreOHUvWPNGnKfIo27,SECHSKIES,"['classic k-pop', 'k-pop', 'k-pop boy group']",https://open.spotify.com/artist/6uRyNreOHUvWPNGnKfIo27,https://i.scdn.co/image/ab6761610000e5ebfc47c472cc9d2cffef895386,35,144476
14f1WN9TUDVBK4sHUStmLG,MBLAQ,"['k-pop', 'k-pop boy group']",https://open.spotify.com/artist/14f1WN9TUDVBK4sHUStmLG,https://i.scdn.co/image/ab67616d0000b27363a9dd7bc648baff62975bcf,38,298153
42xj5mBLvrFdW6tYns6mxs,RAVI,"['k-pop', 'k-rap']",https://open.spotify.com/artist/42xj5mBLvrFdW6tYns6mxs,https://i.scdn.co/image/ab6761610000e5eb05dbe3aaf51735ad7da3964e,36,225598
5SnaL8SsjGMHQNyqpa8Zos,2am,['k-pop'],https://open.spotify.com/artist/5SnaL8SsjGMHQNyqpa8Zos,https://i.scdn.co/image/ab6761610000e5ebe4e7e73330cb59453b33914b,40,217876
7AKHnZVqwXYuUwWJ8UGL5q,Girls' Generation-TTS,"['k-pop', 'k-pop girl group']",https://open.spotify.com/artist/7AKHnZVqwXYuUwWJ8UGL5q,https://i.scdn.co/image/ab6761610000e5eb9426413cf033b2e0eedfeff6,38,600271
0D40an6y5Cv6sRzMGsRRQ8,Song Ji Eun,"['k-pop', 'korean pop']",https://open.spotify.com/artist/0D40an6y5Cv6sRzMGsRRQ8,https://i.scdn.co/image/ab6761610000e5eb70f658905639be696490f882,39,105169
5dEBuZjTtE68uDgCs23Kuv,BVNDIT,"['k-pop', 'k-pop girl group']",https://open.spotify.com/artist/5dEBuZjTtE68uDgCs23Kuv,https://i.scdn.co/image/ab6761610000e5eb2efa47f150ed10401bde6d85,34,153637
6VAphrHp0Oc88qg9BDaH9D,PRISTIN,"['k-pop', 'k-pop girl group']",https://open.spotify.com/artist/6VAphrHp0Oc88qg9BDaH9D,https://i.scdn.co/image/ab67616d0000b273fa87bc3be975e89c6c2c8389,35,601983
3VHFAtB6fPQwpAWQ5rn4uc,Lucia,"['k-indie', 'k-pop', 'korean pop']",https://open.spotify.com/artist/3VHFAtB6fPQwpAWQ5rn4uc,https://i.scdn.co/image/ab67616d0000b273b4bfbd70d72bc6cdb6735889,35,15539
5jiscb6yxuu9hj4BoW5Wea,Kim Yuna,"['k-indie', 'k-pop', 'k-rock', 'korean pop', 'korean singer-songwriter']",https://open.spotify.com/artist/5jiscb6yxuu9hj4BoW5Wea,https://i.scdn.co/image/ab67616d0000b2738719b3cb66ce40643f618a69,37,27482
5x9WawpXGR82PWDFk9CKYQ,cignature,"['k-pop', 'k-pop girl group']",https://open.spotify.com/artist/5x9WawpXGR82PWDFk9CKYQ,https://i.scdn.co/image/ab6761610000e5ebfd091f07351db97f8860ef4a,33,133967
7f953Uuid7Xrd0nXQ3V3s1,GHOST9,"['k-pop', 'k-pop boy group']",https://open.spotify.com/artist/7f953Uuid7Xrd0nXQ3V3s1,https://i.scdn.co/image/ab6761610000e5eb0e5edaadfc7ab5422b6b25db,32,138080
3qo507hAo0pjRj42AmioUv,MINSEO,"['k-pop', 'korean pop']",https://open.spotify.com/artist/3qo507hAo0pjRj42AmioUv,https://i.scdn.co/image/ab6761610000e5eb0171ff4344958aefdb440e90,38,107923
0rB9P2J3OkobNezpTBcXqE,Kim Hyun Joong,['k-pop'],https://open.spotify.com/artist/0rB9P2J3OkobNezpTBcXqE,https://i.scdn.co/image/ab6761610000e5ebe167d31bf0a86fc278fca5ba,40,184242
1fwMtpwCEJovQuyxSuHcAd,YANG YO SEOP,"['k-pop', 'korean pop']",https://open.spotify.com/artist/1fwMtpwCEJovQuyxSuHcAd,https://i.scdn.co/image/ab67616d0000b273c937b6c80b4bf2ba7afab94a,38,55304
3u9xBa2fe8b9jPf5JYFRH3,1TEAM,"['k-pop', 'k-pop boy group']",https://open.spotify.com/artist/3u9xBa2fe8b9jPf5JYFRH3,https://i.scdn.co/image/ab6761610000e5eb9aa60209960476a827386981,29,127627
0yvw5zYym2ZnM2vngHvfWW,JJ Project,['k-pop'],https://open.spotify.com/artist/0yvw5zYym2ZnM2vngHvfWW,https://i.scdn.co/image/f79d19046ecb45996ed91e57a5d9165ed436b8e1,37,542198
0h7XZWgoxlY49uSUj7MVRY,gugudan,"['k-pop', 'k-pop girl group']",https://open.spotify.com/artist/0h7XZWgoxlY49uSUj7MVRY,https://i.scdn.co/image/ab6761610000e5eb964fc3733cd0727d16d68b94,34,477324
4rO1Cxt1NcUcX2XbF19rDI,T.O.P,"['k-pop', 'k-rap']",https://open.spotify.com/artist/4rO1Cxt1NcUcX2XbF19rDI,https://i.scdn.co/image/ab6761610000e5ebc6edbb5a6514eb183534a368,35,459860
4iO5uKMUphLqQ20TfrdZx3,LABOUM,"['k-pop', 'k-pop girl group']",https://open.spotify.com/artist/4iO5uKMUphLqQ20TfrdZx3,https://i.scdn.co/image/ab6761610000e5eb54e60fdfa22e524a065db2f0,34,162333
0Mt9IxntWHsf793bLZhQ9P,ROCOBERRY,"['k-indie', 'k-pop', 'korean pop']",https://open.spotify.com/artist/0Mt9IxntWHsf793bLZhQ9P,https://i.scdn.co/image/ab67616d0000b2736729e6899da5427470c122bb,35,56072
5sUKi0QlHVxvsCzmrhJsFO,Rania,"['k-pop', 'k-pop girl group']",https://open.spotify.com/artist/5sUKi0QlHVxvsCzmrhJsFO,https://i.scdn.co/image/ab67616d0000b273cf94646ea8265c485e2708be,30,69863
14yLuCwlBqteUdBqx9soJV,SE7EN,['k-pop'],https://open.spotify.com/artist/14yLuCwlBqteUdBqx9soJV,https://i.scdn.co/image/ab6761610000e5ebec6a12173351bad6f8240661,35,160992
3IVjXrnR0npv1LY24kQSzd,FIESTAR,"['k-pop', 'k-pop girl group']",https://open.spotify.com/artist/3IVjXrnR0npv1LY24kQSzd,https://i.scdn.co/image/ab67616d0000b27311e775512911343411545bd3,32,154033
503DjcVO5Ku1NgLPhVuNg7,Secret,"['k-pop', 'k-pop girl group']",https://open.spotify.com/artist/503DjcVO5Ku1NgLPhVuNg7,https://i.scdn.co/image/ab67616d0000b27307f0b523acbc0a0f932011eb,35,197528
3hzcooxMtbApMTvvn6XKVA,G.NA,['k-pop'],https://open.spotify.com/artist/3hzcooxMtbApMTvvn6XKVA,https://i.scdn.co/image/ab67616d0000b273c7d99f60b9bda34b4b563ce2,38,175087
3cI5n4TdsnqzKxYPkQLs4b,MIRAE,"['k-pop', 'k-pop boy group']",https://open.spotify.com/artist/3cI5n4TdsnqzKxYPkQLs4b,https://i.scdn.co/image/ab6761610000e5eb8a44564568f6013925ef4f05,33,155689
70ptvBQye3QMlbuTKrF1qb,Block B - BASTARZ,"['k-pop', 'k-pop boy group']",https://open.spotify.com/artist/70ptvBQye3QMlbuTKrF1qb,https://i.scdn.co/image/ab6761610000e5ebfb00473172b7124b5415e471,33,249752
2LjaeuGS0ubYXZfNihGp9y,UP10TION,"['k-pop', 'k-pop boy group']",https://open.spotify.com/artist/2LjaeuGS0ubYXZfNihGp9y,https://i.scdn.co/image/ab6761610000e5eb1a68ee20ceb024d7995a4c9f,32,495764
10xsuRNvidaOLxWd3fRIel,Dalshabet,"['k-pop', 'k-pop girl group']",https://open.spotify.com/artist/10xsuRNvidaOLxWd3fRIel,https://i.scdn.co/image/ab67616d0000b273eb74400c53d5bbe784ea3cd7,32,174513
56mV6FhCrg12O6mOTLxo73,Kim Sung Kyu,"['k-pop', 'korean pop']",https://open.spotify.com/artist/56mV6FhCrg12O6mOTLxo73,https://i.scdn.co/image/ab6761610000e5ebed66ec72dc255d33b3a31fe5,35,55701
5zx2slDKDXNn1e6779RzPd,KNK,"['k-pop', 'k-pop boy group']",https://open.spotify.com/artist/5zx2slDKDXNn1e6779RzPd,https://i.scdn.co/image/ab6761610000e5eb35572e59c69defc200f01c45,31,284883
7GbN8yzIP7CFK5bNbUi6L3,KIM HEECHUL,"['k-pop', 'korean pop']",https://open.spotify.com/artist/7GbN8yzIP7CFK5bNbUi6L3,https://i.scdn.co/image/ab6761610000e5eb9f2e0ee0f92d986b84e81b51,33,137701
1rTwKjYcA7diHAD2c8ZozT,Stellar,"['k-pop', 'k-pop girl group']",https://open.spotify.com/artist/1rTwKjYcA7diHAD2c8ZozT,https://i.scdn.co/image/ab67616d0000b2736af55ea23714e14575d05660,30,276228
2Pw8E6zZoeuksVWtyZPnzd,BOYFRIEND,"['k-pop', 'k-pop boy group']",https://open.spotify.com/artist/2Pw8E6zZoeuksVWtyZPnzd,https://i.scdn.co/image/ab67616d0000b273d926cc6e23d24e24d562f165,35,325730
2RSsuFG2pkU9sGZ85UzFgl,Han Seungwoo,"['k-pop', 'korean ost']",https://open.spotify.com/artist/2RSsuFG2pkU9sGZ85UzFgl,https://i.scdn.co/image/ab6761610000e5ebf224cd2480248ebc8e2adfb6,31,117029
7jPVuaaHLs4QVSuN561jZt,Jessica,['k-pop'],https://open.spotify.com/artist/7jPVuaaHLs4QVSuN561jZt,https://i.scdn.co/image/ab6761610000e5ebe0dd96a0c05ade3e3616a210,35,385108
5ORE0ElD7HiONogJZzhKrS,PRODUCE 48,"['k-pop', 'k-pop girl group', 'k-pop reality show']",https://open.spotify.com/artist/5ORE0ElD7HiONogJZzhKrS,https://i.scdn.co/image/ab6761610000e5eba37c12c4a5e11e844c0cc798,36,424186
6LPOT9C3gvGQHxlZtMLHHg,YEZI,['k-pop'],https://open.spotify.com/artist/6LPOT9C3gvGQHxlZtMLHHg,https://i.scdn.co/image/ab67616d0000b273a5ef9177a1d4084169e897ca,31,133495
0fwfMuz3AmWRy2pyM5fDRo,RYEOWOOK,"['k-pop', 'korean pop']",https://open.spotify.com/artist/0fwfMuz3AmWRy2pyM5fDRo,https://i.scdn.co/image/ab6761610000e5eb0a9ac382395404c2d95c8684,36,205331
3IniCa6EijyZ3bsY0eTG3C,NCT 2020,['k-pop'],https://open.spotify.com/artist/3IniCa6EijyZ3bsY0eTG3C,https://i.scdn.co/image/ab6761610000e5ebd61a236e7c791f01509971da,36,447334
0ODX6aegsZkBmBeMA5qqwi,Crayon Pop,"['k-pop', 'k-pop girl group']",https://open.spotify.com/artist/0ODX6aegsZkBmBeMA5qqwi,https://i.scdn.co/image/ab67616d0000b2738a8cec8d477184ed5b91b873,33,156471
2iTBqSiPjYYns3Ta0Ohzrs,PRODUCE 101,"['k-pop', 'k-pop reality show']",https://open.spotify.com/artist/2iTBqSiPjYYns3Ta0Ohzrs,https://i.scdn.co/image/ab67616d0000b273e165cd99d906d8b44c99264d,36,469590
3PA9tXcZqiaBXwopM9GPZP,Holland,['k-pop'],https://open.spotify.com/artist/3PA9tXcZqiaBXwopM9GPZP,https://i.scdn.co/image/ab6761610000e5eb18f1f6d6b2bce1c7078c7da0,31,236896
4R60A85t9mTZzCqJlVswuo,Gain,['k-pop'],https://open.spotify.com/artist/4R60A85t9mTZzCqJlVswuo,https://i.scdn.co/image/ab67616d0000b273e328c250ba600a7e0a48f867,31,102350
0B3I6YgdnfXehUCpsO6oB8,HYOYEON,['k-pop'],https://open.spotify.com/artist/0B3I6YgdnfXehUCpsO6oB8,https://i.scdn.co/image/ab6761610000e5ebb85caa5f0e213fbfc29b91db,32,259692
6hrti7kBnnfAgy5Mq9wrQc,Ryu Su Jeong,['k-pop'],https://open.spotify.com/artist/6hrti7kBnnfAgy5Mq9wrQc,https://i.scdn.co/image/ab6761610000e5eb578ff7cc86277203e8a018ef,30,19967
4xzwjGxzfKglU0cNW4q4l1,YERI,['k-pop'],https://open.spotify.com/artist/4xzwjGxzfKglU0cNW4q4l1,https://i.scdn.co/image/ab6761610000e5eb56625e685d02cbc6a1700642,34,323189
6vPzAqZDXQgLTEn8pjp4jY,AMBER,"['diva house', 'k-pop']",https://open.spotify.com/artist/6vPzAqZDXQgLTEn8pjp4jY,https://i.scdn.co/image/ab6761610000e5eb91e582ba3ddce7e4b050ca62,31,154984
57n0GwAnyELOvq620O2tOJ,EXO-M,"['chinese idol pop', 'k-pop']",https://open.spotify.com/artist/57n0GwAnyELOvq620O2tOJ,https://i.scdn.co/image/ab6761610000e5eb430ae0a51d86d32708691302,29,1032306
1HiZjIv6iLp9cs5vX0AJKo,BESTie,"['k-pop', 'k-pop girl group']",https://open.spotify.com/artist/1HiZjIv6iLp9cs5vX0AJKo,https://i.scdn.co/image/ab67616d0000b273ffffd73723e720ebc9117046,29,157740
5Kdp1Iq26eCz7XbPxOgt7F,SUPER JUNIOR-K.R.Y.,"['k-pop', 'k-pop boy group']",https://open.spotify.com/artist/5Kdp1Iq26eCz7XbPxOgt7F,https://i.scdn.co/image/ab6761610000e5eb667ab25183e4988519fa2838,38,266658
4lqxrwkJ16gYkKNumLA3SL,U-KNOW,['k-pop'],https://open.spotify.com/artist/4lqxrwkJ16gYkKNumLA3SL,https://i.scdn.co/image/ab6761610000e5eb80a0ad8083ce19d215f3806b,34,74396
6LCX99hubn8CejiUtMCyyk,YOONA,"['k-pop', 'korean pop']",https://open.spotify.com/artist/6LCX99hubn8CejiUtMCyyk,https://i.scdn.co/image/ab6761610000e5ebf65b740213448b8eace4fbee,34,336419
0kS1oLtVdBidgH2aKloRKR,PARK WOO JIN,['k-pop'],https://open.spotify.com/artist/0kS1oLtVdBidgH2aKloRKR,https://i.scdn.co/image/ab6761610000e5ebefdba54bd454b25126f17fef,32,131402
03Ejz4OkKzGnTRKZE3KwRN,ToppDogg,"['k-pop', 'k-pop boy group']",https://open.spotify.com/artist/03Ejz4OkKzGnTRKZE3KwRN,https://i.scdn.co/image/ab67616d0000b2731b9c1ef20a3555528fc81276,28,151823
220c8fiYAk89nqAgw4x4z4,Kim Yeonji,"['k-pop', 'korean ost', 'korean pop']",https://open.spotify.com/artist/220c8fiYAk89nqAgw4x4z4,https://i.scdn.co/image/ab6761610000e5eb1a34702e19323de20b3810b0,35,28973
4zmCovcjfUoYP3VilaMGxb,Yoo Jae Seok,['k-pop'],https://open.spotify.com/artist/4zmCovcjfUoYP3VilaMGxb,https://i.scdn.co/image/ab67616d0000b2732856e7ea1ce78af5ec5861ec,32,45317
5r6waWb7zJbYnwwdy08EPO,24K,"['k-pop', 'k-pop boy group']",https://open.spotify.com/artist/5r6waWb7zJbYnwwdy08EPO,https://i.scdn.co/image/ab67616d0000b273878896a13647fbe8f0420049,29,113481
6ZZafCTzyk1yjqEES63cMm,1THE9,"['k-pop', 'k-pop boy group']",https://open.spotify.com/artist/6ZZafCTzyk1yjqEES63cMm,https://i.scdn.co/image/ab67616d0000b273644ab034ee3193649077aaaa,29,142169
6VJXRJvRRyLv99RZbXJ8RO,JBJ,"['k-pop', 'k-pop boy group']",https://open.spotify.com/artist/6VJXRJvRRyLv99RZbXJ8RO,https://i.scdn.co/image/ab67616d0000b2735cfbe3fb9e7d8d979032e9c5,30,480166
1FCug8HMxqearaZB5qwWQj,IRENE,['k-pop'],https://open.spotify.com/artist/1FCug8HMxqearaZB5qwWQj,https://i.scdn.co/image/ab6761610000e5eba418ff1a2a14e7a869bae7fd,33,281387
08JUr2CwqQou19WWRqScKX,HISTORY,"['k-pop', 'k-pop boy group']",https://open.spotify.com/artist/08JUr2CwqQou19WWRqScKX,https://i.scdn.co/image/ab67616d0000b273a075e3e9eca4b182d72321ca,26,129452
14Crgqr0bcwGyyxXSkj01S,VIXX LR,"['k-pop', 'k-pop boy group']",https://open.spotify.com/artist/14Crgqr0bcwGyyxXSkj01S,https://i.scdn.co/image/ab6761610000e5eb79ab27836b921bd4ea6e1b8e,28,325790
6r0hPI0NVDMIwJimnNps8c,MOBB,['k-pop'],https://open.spotify.com/artist/6r0hPI0NVDMIwJimnNps8c,https://i.scdn.co/image/ab6761610000e5eb7b39f11e027c545d35c178df,29,203883
65SWpUO42tdFbEhdfj1ryf,3YE,"['k-pop', 'k-pop girl group']",https://open.spotify.com/artist/65SWpUO42tdFbEhdfj1ryf,https://i.scdn.co/image/ab6761610000e5eb7f72077f22bba4974accc517,27,87076
4GAVUIrGNz35VbCFfHTsca,saevom,"['k-indie', 'k-pop', 'korean pop']",https://open.spotify.com/artist/4GAVUIrGNz35VbCFfHTsca,https://i.scdn.co/image/ab67616d0000b273c85baf92da193ae0fb0b5f81,31,24172
5uM1Et50auro2hTS6ZLcmT,SEOHYUN,['k-pop'],https://open.spotify.com/artist/5uM1Et50auro2hTS6ZLcmT,https://i.scdn.co/image/ab6761610000e5eb1a30498018bf6c9421f8e681,28,198045
2TMRvcwsmvVhvuEbKVEbZe,YURI,"['k-pop', 'korean r&b']",https://open.spotify.com/artist/2TMRvcwsmvVhvuEbKVEbZe,https://i.scdn.co/image/ab6761610000e5eb11f9b8e5a1715fe12e219caa,28,254367
73RRzEpK7IQexOhC0CuTRZ,Jun Hyo Seong,['k-pop'],https://open.spotify.com/artist/73RRzEpK7IQexOhC0CuTRZ,https://i.scdn.co/image/ab67616d0000b273fccf7b766a1d2e84453a5e09,27,87247
62CcVzIaV3dNGEmE12YAL9,ALi,"['k-pop', 'korean worship']",https://open.spotify.com/artist/62CcVzIaV3dNGEmE12YAL9,https://i.scdn.co/image/ab6761610000e5ebe9553a89dd718d8df1d7c75c,30,6784
3a0xHIHQPhhzgSOJzgB2Rz,TOO,"['k-pop', 'k-pop boy group']",https://open.spotify.com/artist/3a0xHIHQPhhzgSOJzgB2Rz,https://i.scdn.co/image/ab6761610000e5ebe5fd50c76a168e61da438eb0,27,133957
0F8gvxccUYPndXVsyLmCi6,JUNIEL,"['k-pop', 'korean ost', 'korean pop']",https://open.spotify.com/artist/0F8gvxccUYPndXVsyLmCi6,https://i.scdn.co/image/ab67616d0000b27377f34df78ed8aa8aa4c26140,31,41156
6hdEFlC2PPivkwVXt56ksn,UNB,"['k-pop', 'k-pop boy group']",https://open.spotify.com/artist/6hdEFlC2PPivkwVXt56ksn,https://i.scdn.co/image/ab67616d0000b273c7a38053655e076838734f7e,26,102580
5xKVZmAj8EnT9X9Acz1Qvv,CROSS GENE,"['k-pop', 'k-pop boy group']",https://open.spotify.com/artist/5xKVZmAj8EnT9X9Acz1Qvv,https://i.scdn.co/image/ab67616d0000b2731067e5580fc017a078324bd3,28,211347
23pnZUOyyTzYzg5GZSvj4Y,JYJ,['k-pop'],https://open.spotify.com/artist/23pnZUOyyTzYzg5GZSvj4Y,https://i.scdn.co/image/ab67616d0000b273252bf8aa31d6f60899487d66,31,94438
2QzNT7ImXla5Hj2aTxplnM,Minah,['k-pop'],https://open.spotify.com/artist/2QzNT7ImXla5Hj2aTxplnM,https://i.scdn.co/image/ab67616d0000b273ba2a64bbbff743e3e16ca82f,27,78304
7G6wtLzZON7qJQ2Cw2kxVp,JBJ95,['k-pop'],https://open.spotify.com/artist/7G6wtLzZON7qJQ2Cw2kxVp,https://i.scdn.co/image/ab6761610000e5eb68f9cbecec5764bfce4be912,25,86059
3ejYNz33SNAa1Qxo9g0qCG,IMFACT,"['k-pop', 'k-pop boy group']",https://open.spotify.com/artist/3ejYNz33SNAa1Qxo9g0qCG,https://i.scdn.co/image/ab67616d0000b273a6182537b62ccbb14d081c67,25,221170
5HBeCjZkFtwfLYD7X3kLwi,C-CLOWN,"['k-pop', 'k-pop boy group']",https://open.spotify.com/artist/5HBeCjZkFtwfLYD7X3kLwi,https://i.scdn.co/image/ab67616d0000b2734fddab11ba3aa2db59a4ccd9,27,94573
3fkFO5lmipe654caBLBD6n,100%,"['k-pop', 'k-pop boy group']",https://open.spotify.com/artist/3fkFO5lmipe654caBLBD6n,https://i.scdn.co/image/ab67616d0000b2736a3a2fca6c9e0201adb572cb,25,173034
0bxSJJ7V2M4Zb9lpRzWPD8,SHIN JIMIN,['k-pop'],https://open.spotify.com/artist/0bxSJJ7V2M4Zb9lpRzWPD8,https://i.scdn.co/image/ab6761610000e5eb3e266db4e219aa75ad84cf7f,27,272918
0lE4Ctn38KnvJ56oGRkNx7,HotShot,"['k-pop', 'k-pop boy group']",https://open.spotify.com/artist/0lE4Ctn38KnvJ56oGRkNx7,https://i.scdn.co/image/ab67616d0000b27399f9cfefce6f08eec8d5b28d,24,173886
0iLbcXKdKfMdqllxqSUhPn,Boys Republic,"['k-pop', 'k-pop boy group']",https://open.spotify.com/artist/0iLbcXKdKfMdqllxqSUhPn,https://i.scdn.co/image/13530c925bf1667441e0d263ef866bf85bf432fb,24,151002
2Uvrls9HlspsRUtW6mp4Q3,Norwegian Wood,"['k-indie', 'k-pop', 'korean pop']",https://open.spotify.com/artist/2Uvrls9HlspsRUtW6mp4Q3,https://i.scdn.co/image/ab67616d0000b273b052910b39c21f1b9d2fd241,27,13013
0dtXsO617bBzBwDLWC6HXt,Samuel,['k-pop'],https://open.spotify.com/artist/0dtXsO617bBzBwDLWC6HXt,https://i.scdn.co/image/ab67616d0000b273de96b82baab7d0bcaec700bb,25,265263
23oRZ1WSV1YCPk3Ra7ivzJ,Lee Eun Sang,['k-pop'],https://open.spotify.com/artist/23oRZ1WSV1YCPk3Ra7ivzJ,https://i.scdn.co/image/ab6761610000e5eb5e298173b929ab62b97bd74e,26,68522
2MY1GcYSTw3QH2C1Umzsq0,SONAMOO,"['k-pop', 'k-pop girl group']",https://open.spotify.com/artist/2MY1GcYSTw3QH2C1Umzsq0,https://i.scdn.co/image/ab67616d0000b273a6c6a728ee40e1910e353f6c,24,137037
3RkN2CENR9zgHLKn2H3hcI,SNUPER,"['k-pop', 'k-pop boy group']",https://open.spotify.com/artist/3RkN2CENR9zgHLKn2H3hcI,https://i.scdn.co/image/ab67616d0000b27372a9588048af8fcf391b9a2a,22,195983
1ql28OzmgulHG2ldXFrbWp,MINZY,['k-pop'],https://open.spotify.com/artist/1ql28OzmgulHG2ldXFrbWp,https://i.scdn.co/image/234d98c00a3b54301e8f9dc333e2a2fb86ee5563,25,149957
1iGenyJQdF1y4bV4GAvNmW,KIM DONG HAN,['k-pop'],https://open.spotify.com/artist/1iGenyJQdF1y4bV4GAvNmW,https://i.scdn.co/image/ab67616d0000b27383fcf1418debd1490f0074be,24,115159
3iui2F01zrPbNx91td4LJZ,UNI.T,"['k-pop', 'k-pop girl group']",https://open.spotify.com/artist/3iui2F01zrPbNx91td4LJZ,https://i.scdn.co/image/ab67616d0000b2738984632c163d5ce47dde814c,24,200267
1Q8ON7PhIGhFtgbfzx13CK,MYNAME,"['k-pop', 'k-pop boy group']",https://open.spotify.com/artist/1Q8ON7PhIGhFtgbfzx13CK,https://i.scdn.co/image/ab67616d0000b273ed51f44a02f88dc29611eaf4,26,99375
43GYq8c6nVEgaEyg0qtzJd,IN2IT,"['k-pop', 'k-pop boy group']",https://open.spotify.com/artist/43GYq8c6nVEgaEyg0qtzJd,https://i.scdn.co/image/ab67616d0000b2737e72cf2b715498a02f7949ff,23,254100
0Jy5VMwm7X25fOaYh0PyXK,MYTEEN,"['k-pop', 'k-pop boy group']",https://open.spotify.com/artist/0Jy5VMwm7X25fOaYh0PyXK,https://i.scdn.co/image/ab6761610000e5eb6d3a3956268745028544fb05,20,268729
49VtaZvoqBgZHQxSqlCUyp,SMTOWN,['k-pop'],https://open.spotify.com/artist/49VtaZvoqBgZHQxSqlCUyp,https://i.scdn.co/image/ab67616d0000b27326b7dce0a74da7f7f6c7f193,31,127371
2BXth1dnMzlCfJP9EiCLnv,MXM,"['k-pop', 'k-pop boy group']",https://open.spotify.com/artist/2BXth1dnMzlCfJP9EiCLnv,https://i.scdn.co/image/ab6761610000e5eb9ae3c8d1d11f01e350270d98,22,179916
1y2P8K8WFANJ4WKlKm35Bz,PLAYBACK,"['k-pop', 'k-pop girl group']",https://open.spotify.com/artist/1y2P8K8WFANJ4WKlKm35Bz,https://i.scdn.co/image/ab67616d0000b273d18ebf08fda14cd79517de62,22,171265
